,source_TD_label,source_Network,source_coordX,source_coordY,source_coordZ,target_TD_label,target_Network,target_coordX,target_coordY,target_coordZ,value
0,mFG,CON,-4,4,52,Insula,Auditory,32,-28,12,0.73
1,IPL,CON,56,-28,32,Insula,Auditory,32,-28,12,0.67
2,SFG,CON,20,-8,64,Insula,Auditory,32,-28,12,0.74
3,SFG,CON,-16,-4,72,mFG,CON,-4,4,52,0.68
4,SFG,CON,-16,-4,72,IPL,CON,56,-28,32,0.71
5,CG,CON,-12,-4,44,Insula,Auditory,32,-28,12,0.71
6,CG,CON,-12,-4,44,SFG,CON,-16,-4,72,0.68
7,LN,CON,36,0,-4,Insula,Auditory,32,-28,12,0.69
8,LN,CON,36,0,-4,IPL,CON,56,-28,32,0.68
9,MTG,DMN,-40,-76,24,Insula,Auditory,32,-28,12,0.79
10,MTG,DMN,-40,-76,24,Insula,Auditory,64,-32,20,0.74
11,MTG,DMN,-40,-76,24,Transverse Temporal,Auditory,56,-16,8,0.69
12,MTG,DMN,-40,-76,24,STG,Auditory,-40,-32,16,0.71
13,MTG,DMN,-40,-76,24,STG,Auditory,-48,-28,4,0.69
14,MTG,DMN,-40,-76,24,SFG,CON,-16,-4,72,0.74
15,mFG,DMN,4,68,-4,Insula,Auditory,32,-28,12,0.77
16,mFG,DMN,4,68,-4,SFG,CON,-16,-4,72,0.71
17,mFG,DMN,8,48,-16,mFG,CON,-4,4,52,0.78
18,mFG,DMN,8,48,-16,IPL,CON,56,-28,32,0.73
19,mFG,DMN,8,48,-16,SFG,CON,20,-8,64,0.76
20,mFG,DMN,8,48,-16,CG,CON,-12,-4,44,0.73
21,mFG,DMN,8,48,-16,MTG,DMN,-40,-76,24,0.75
22,mFG,DMN,8,48,-16,mFG,DMN,4,68,-4,0.74
23,PHG,DMN,-12,-40,0,mFG,CON,-4,4,52,0.77
24,PHG,DMN,-12,-40,0,IPL,CON,56,-28,32,0.73
25,PHG,DMN,-12,-40,0,SFG,CON,20,-8,64,0.75
26,PHG,DMN,-12,-40,0,CG,CON,-12,-4,44,0.68
27,PHG,DMN,-12,-40,0,MTG,DMN,-40,-76,24,0.76
28,PHG,DMN,-12,-40,0,mFG,DMN,4,68,-4,0.74
29,mFG,DMN,-16,64,-8,mFG,CON,-4,4,52,0.7
30,mFG,DMN,-16,64,-8,IPL,CON,56,-28,32,0.68
31,mFG,DMN,-16,64,-8,SFG,CON,20,-8,64,0.69
32,mFG,DMN,-16,64,-8,MTG,DMN,-40,-76,24,0.72
33,mFG,DMN,-16,64,-8,mFG,DMN,4,68,-4,0.71
34,MTG,DMN,-44,-60,20,Insula,Auditory,44,-24,20,0.69
35,MTG,DMN,-44,-60,20,Insula,Auditory,-52,-20,24,0.68
36,MTG,DMN,-44,-60,20,Insula,CON,-44,0,8,0.67
37,MTG,DMN,-44,-60,20,MTG,DMN,-40,-76,24,0.76
38,MTG,DMN,-44,-60,20,mFG,DMN,4,68,-4,0.74
39,MTG,DMN,44,-72,28,MTG,DMN,-44,-60,20,0.68
40,STG,DMN,-44,12,-36,mFG,CON,-4,4,52,0.78
41,STG,DMN,-44,12,-36,IPL,CON,56,-28,32,0.69
42,STG,DMN,-44,12,-36,SFG,CON,20,-8,64,0.73
43,STG,DMN,-44,12,-36,LN,CON,36,0,-4,0.72
44,STG,DMN,-44,12,-36,SFG,CON,12,0,68,0.72
45,STG,DMN,-44,12,-36,MTG,DMN,-40,-76,24,0.68
46,STG,DMN,44,16,-32,MTG,DMN,-44,-60,20,0.68
47,MTG,DMN,-68,-24,-16,mFG,CON,-4,4,52,0.74
48,MTG,DMN,-68,-24,-16,IPL,CON,56,-28,32,0.74
49,MTG,DMN,-68,-24,-16,SFG,CON,20,-8,64,0.72
50,MTG,DMN,-68,-24,-16,CG,CON,-12,-4,44,0.68
51,MTG,DMN,-68,-24,-16,MTG,DMN,-40,-76,24,0.68
52,MTG,DMN,-68,-24,-16,mFG,DMN,4,68,-4,0.7
53,MTG,DMN,-44,-64,36,SFG,CON,20,-8,64,0.71
54,MTG,DMN,-44,-64,36,MTG,DMN,-40,-76,24,0.77
55,MTG,DMN,-44,-64,36,mFG,DMN,4,68,-4,0.73
56,PrCu,DMN,-40,-76,44,CG,CON,-12,-4,44,0.68
57,PrCu,DMN,-40,-76,44,MTG,DMN,-40,-76,24,0.74
58,PrCu,DMN,-40,-76,44,mFG,DMN,4,68,-4,0.71
59,PostCing,DMN,-8,-56,28,mFG,CON,-4,4,52,0.71
60,PostCing,DMN,-8,-56,28,mFG,DMN,4,68,-4,0.73
61,PrCu,DMN,4,-60,36,SFG,CON,12,0,68,0.69
62,PostCing,DMN,-4,-48,12,mFG,CON,-4,4,52,0.73
63,PostCing,DMN,-4,-48,12,IPL,CON,56,-28,32,0.68
64,PostCing,DMN,-4,-48,12,SFG,CON,20,-8,64,0.68
65,PostCing,DMN,-4,-48,12,LN,CON,36,0,-4,0.71
66,PostCing,DMN,-4,-48,12,SFG,CON,12,0,68,0.7
67,CG,DMN,8,-48,32,Insula,Auditory,32,-28,12,0.68
68,CG,DMN,8,-48,32,mFG,DMN,8,48,-16,0.7
69,CG,DMN,8,-48,32,STG,DMN,-44,12,-36,0.67
70,PrCu,DMN,16,-64,24,MTG,DMN,-40,-76,24,0.72
71,PrCu,DMN,16,-64,24,mFG,DMN,4,68,-4,0.7
72,PrCu,DMN,16,-64,24,PostCing,DMN,-8,-56,28,0.68
73,CG,DMN,-4,-36,44,MTG,DMN,-40,-76,24,0.75
74,CG,DMN,-4,-36,44,mFG,DMN,4,68,-4,0.68
75,PostCing,DMN,12,-52,16,MTG,DMN,-40,-76,24,0.72
76,PostCing,DMN,12,-52,16,mFG,DMN,4,68,-4,0.69
77,STG,DMN,52,-60,36,MTG,DMN,-40,-76,24,0.72
78,STG,DMN,52,-60,36,mFG,DMN,4,68,-4,0.69
79,SFG,DMN,24,32,48,mFG,DMN,8,48,-16,0.69
80,MFG,DMN,-36,20,52,mFG,DMN,8,48,-16,0.69
81,SFG,DMN,12,56,40,mFG,DMN,4,68,-4,0.68
82,PrCu,DAN,8,-60,60,Insula,Auditory,32,-28,12,0.72
83,PrCu,DAN,8,-60,60,Transverse Temporal,Auditory,56,-16,8,0.71
84,PrCu,DAN,8,-60,60,mFG,CON,8,8,52,0.68
85,PrCu,DAN,8,-60,60,mFG,DMN,8,48,-16,0.73
86,PrCu,DAN,8,-60,60,MTG,DMN,-44,-64,36,0.69
87,PrCu,DAN,8,-60,60,PrCu,DMN,16,-64,24,0.68
88,PrCu,DAN,8,-60,60,CG,DMN,-4,-36,44,0.69
89,MTG,DAN,-52,-64,4,mFG,CON,-4,4,52,0.77
90,MTG,DAN,-52,-64,4,IPL,CON,56,-28,32,0.69
91,MTG,DAN,-52,-64,4,SFG,CON,20,-8,64,0.75
92,MTG,DAN,-52,-64,4,CG,CON,-12,-4,44,0.72
93,MTG,DAN,-52,-64,4,LN,CON,36,0,-4,0.74
94,MTG,DAN,-52,-64,4,SFG,CON,12,0,68,0.69
95,MTG,DAN,-52,-64,4,Insula,CON,48,8,0,0.69
96,MTG,DAN,-52,-64,4,MTG,DMN,-40,-76,24,0.75
97,MTG,DAN,-52,-64,4,mFG,DMN,4,68,-4,0.7
98,MTG,DAN,-52,-64,4,PrCu,DMN,16,-64,24,0.7
99,PrCu,DAN,20,-64,48,Insula,Auditory,32,-28,12,0.73
100,PrCu,DAN,20,-64,48,Insula,Auditory,64,-32,20,0.73
101,PrCu,DAN,20,-64,48,Transverse Temporal,Auditory,56,-16,8,0.68
102,PrCu,DAN,20,-64,48,STG,Auditory,-40,-32,16,0.69
103,PrCu,DAN,20,-64,48,SFG,CON,-16,-4,72,0.7
104,PrCu,DAN,20,-64,48,mFG,DMN,8,48,-16,0.7
105,PrCu,DAN,20,-64,48,PHG,DMN,-12,-40,0,0.72
106,PrCu,DAN,20,-64,48,mFG,DMN,-16,64,-8,0.68
107,PrCu,DAN,20,-64,48,MTG,DMN,-44,-64,36,0.68
108,PrCu,DAN,20,-64,48,MTG,DAN,-52,-64,4,0.71
109,MTG,DAN,48,-60,4,IPL,CON,56,-28,32,0.69
110,MTG,DAN,48,-60,4,SFG,CON,20,-8,64,0.68
111,MTG,DAN,48,-60,4,CG,CON,-12,-4,44,0.7
112,MTG,DAN,48,-60,4,MTG,DMN,-40,-76,24,0.77
113,MTG,DAN,48,-60,4,mFG,DMN,4,68,-4,0.76
114,MTG,DAN,48,-60,4,PrCu,DAN,8,-60,60,0.76
115,MTG,DAN,48,-60,4,PrCu,DAN,20,-64,48,0.69
116,SPL,DAN,24,-60,60,Insula,Auditory,-52,-20,24,0.68
117,SPL,DAN,24,-60,60,IPL,CON,56,-28,32,0.69
118,SPL,DAN,24,-60,60,CG,CON,-12,-4,44,0.69
119,SPL,DAN,24,-60,60,MTG,DMN,-40,-76,24,0.79
120,SPL,DAN,24,-60,60,mFG,DMN,4,68,-4,0.75
121,SPL,DAN,24,-60,60,MTG,DMN,44,-72,28,0.68
122,SPL,DAN,24,-60,60,PostCing,DMN,-12,-56,16,0.68
123,SPL,DAN,24,-60,60,PrCu,DAN,20,-64,48,0.7
124,IPL,DAN,-32,-48,48,Insula,Auditory,32,-28,12,0.75
125,IPL,DAN,-32,-48,48,Insula,Auditory,64,-32,20,0.7
126,IPL,DAN,-32,-48,48,SFG,CON,-16,-4,72,0.71
127,IPL,DAN,-32,-48,48,mFG,DMN,8,48,-16,0.72
128,IPL,DAN,-32,-48,48,PHG,DMN,-12,-40,0,0.7
129,IPL,DAN,-32,-48,48,mFG,DMN,-16,64,-8,0.69
130,IPL,DAN,-32,-48,48,STG,DMN,-44,12,-36,0.75
131,IPL,DAN,-32,-48,48,PostCing,DMN,-8,-56,28,0.7
132,IPL,DAN,-32,-48,48,MTG,DAN,-52,-64,4,0.74
133,PrCu,DAN,-28,-72,36,MTG,DAN,-52,-64,4,0.69
134,MFG,DAN,-32,0,56,mFG,DMN,8,48,-16,0.71
135,FFG,DAN,-44,-60,-8,Insula,Auditory,32,-28,12,0.69
136,FFG,DAN,-44,-60,-8,SFG,CON,-16,-4,72,0.68
137,FFG,DAN,-44,-60,-8,LN,CON,36,0,-4,0.68
138,SPL,DAN,-16,-60,64,MTG,DMN,-40,-76,24,0.69
139,SPL,DAN,-16,-60,64,mFG,DMN,4,68,-4,0.72
140,SPL,DAN,-16,-60,64,MTG,DMN,44,-72,28,0.7
141,SPL,DAN,-16,-60,64,PostCing,DMN,-12,-56,16,0.69
142,SPL,DAN,-16,-60,64,FFG,DAN,-44,-60,-8,0.68
143,MFG,DAN,28,-4,52,mFG,DMN,8,48,-16,0.7
144,PreCent,FPN,-44,0,44,Insula,Auditory,32,-28,12,0.73
145,PreCent,FPN,-44,0,44,SFG,CON,-16,-4,72,0.7
146,PreCent,FPN,-44,0,44,PHG,DMN,-12,-40,0,0.69
147,PreCent,FPN,-44,0,44,MTG,DMN,-44,-60,20,0.7
148,PreCent,FPN,-44,0,44,MTG,DMN,-44,-64,36,0.71
149,PreCent,FPN,-44,0,44,SPL,DAN,24,-60,60,0.7
150,PreCent,FPN,-44,0,44,SPL,DAN,-16,-60,64,0.7
151,MFG,FPN,48,24,28,Transverse Temporal,Auditory,56,-16,8,0.69
152,MFG,FPN,48,24,28,LN,CON,36,0,-4,0.68
153,MFG,FPN,48,24,28,mFG,CON,8,8,52,0.68
154,MFG,FPN,48,24,28,CG,DMN,-4,-36,44,0.68
155,MFG,FPN,48,24,28,MTG,DAN,48,-60,4,0.74
156,IFG,FPN,-48,12,24,Insula,Auditory,32,-28,12,0.74
157,IFG,FPN,-48,12,24,PHG,DMN,-12,-40,0,0.7
158,IFG,FPN,-48,12,24,mFG,DMN,-16,64,-8,0.68
159,IFG,FPN,-48,12,24,MTG,DMN,-44,-60,20,0.71
160,IFG,FPN,-48,12,24,MTG,DMN,-44,-64,36,0.68
161,IFG,FPN,-48,12,24,MTG,DAN,-52,-64,4,0.68
162,IPL,FPN,-52,-48,44,Insula,Auditory,32,-28,12,0.7
163,IPL,FPN,-52,-48,44,MTG,DMN,-44,-60,20,0.72
164,IPL,FPN,-52,-48,44,MTG,DMN,-44,-64,36,0.69
165,SFG,FPN,-24,12,64,Insula,Auditory,32,-28,12,0.7
166,SFG,FPN,-24,12,64,STG,Auditory,-40,-32,16,0.69
167,SFG,FPN,-24,12,64,SFG,CON,-16,-4,72,0.69
168,SFG,FPN,-24,12,64,MTG,DMN,-44,-60,20,0.71
169,SFG,FPN,-24,12,64,MTG,DMN,-44,-64,36,0.68
170,ITG,FPN,60,-52,-12,Insula,Auditory,32,-28,12,0.71
171,ITG,FPN,60,-52,-12,Insula,Auditory,64,-32,20,0.67
172,ITG,FPN,60,-52,-12,SFG,CON,-16,-4,72,0.68
173,ITG,FPN,60,-52,-12,MTG,DMN,-44,-60,20,0.69
174,ACC,FPN,24,44,-16,Insula,Auditory,32,-28,12,0.71
175,ACC,FPN,24,44,-16,MTG,DMN,-44,-60,20,0.68
176,ACC,FPN,24,44,-16,STG,DMN,-44,12,-36,0.68
177,PreCent,FPN,48,8,32,mFG,DMN,8,48,-16,0.7
178,PreCent,FPN,-40,4,32,mFG,DMN,8,48,-16,0.69
179,MFG,FPN,40,44,16,MTG,DAN,48,-60,4,0.68
180,IPL,FPN,44,-52,48,SFG,CON,-16,-4,72,0.68
181,PrCu,Salience,12,-40,52,Insula,Auditory,32,-28,12,0.83
182,PrCu,Salience,12,-40,52,Insula,Auditory,64,-32,20,0.77
183,PrCu,Salience,12,-40,52,Transverse Temporal,Auditory,56,-16,8,0.7
184,PrCu,Salience,12,-40,52,STG,Auditory,-40,-32,16,0.72
185,PrCu,Salience,12,-40,52,STG,Auditory,-48,-28,4,0.72
186,PrCu,Salience,12,-40,52,Insula,Auditory,44,-24,20,0.68
187,PrCu,Salience,12,-40,52,Insula,Auditory,-48,-36,24,0.7
188,PrCu,Salience,12,-40,52,SFG,CON,-16,-4,72,0.76
189,PrCu,Salience,12,-40,52,mFG,CON,8,8,52,0.67
190,PrCu,Salience,12,-40,52,mFG,DMN,8,48,-16,0.8
191,PrCu,Salience,12,-40,52,PHG,DMN,-12,-40,0,0.78
192,PrCu,Salience,12,-40,52,mFG,DMN,-16,64,-8,0.74
193,PrCu,Salience,12,-40,52,MTG,DMN,-44,-60,20,0.79
194,PrCu,Salience,12,-40,52,MTG,DMN,-44,-64,36,0.75
195,PrCu,Salience,12,-40,52,PrCu,DMN,-40,-76,44,0.79
196,PrCu,Salience,12,-40,52,PrCu,DMN,16,-64,24,0.72
197,PrCu,Salience,12,-40,52,CG,DMN,-4,-36,44,0.71
198,PrCu,Salience,12,-40,52,PostCing,DMN,12,-52,16,0.72
199,PrCu,Salience,12,-40,52,STG,DMN,52,-60,36,0.75
200,PrCu,Salience,12,-40,52,SFG,DMN,-12,56,40,0.68
201,PrCu,Salience,12,-40,52,MTG,DAN,-52,-64,4,0.74
202,PrCu,Salience,12,-40,52,MTG,DAN,48,-60,4,0.77
203,PrCu,Salience,12,-40,52,SPL,DAN,24,-60,60,0.8
204,PrCu,Salience,12,-40,52,SPL,DAN,-16,-60,64,0.72
205,Supramarginal,Salience,56,-44,36,Insula,Auditory,32,-28,12,0.7
206,Supramarginal,Salience,56,-44,36,mFG,DMN,8,48,-16,0.74
207,Supramarginal,Salience,56,-44,36,PHG,DMN,-12,-40,0,0.76
208,Supramarginal,Salience,56,-44,36,mFG,DMN,-16,64,-8,0.68
209,Supramarginal,Salience,56,-44,36,STG,DMN,-44,12,-36,0.7
210,Supramarginal,Salience,56,-44,36,MTG,DMN,-68,-24,-16,0.73
211,Supramarginal,Salience,56,-44,36,PostCing,DMN,-4,-48,12,0.69
212,Supramarginal,Salience,56,-44,36,MTG,DAN,-52,-64,4,0.72
213,MFG,Salience,44,0,48,PHG,DMN,-12,-40,0,0.68
214,MFG,Salience,44,0,48,MTG,DMN,-68,-24,-16,0.68
215,MFG,Salience,32,32,28,Insula,Auditory,32,-28,12,0.72
216,MFG,Salience,32,32,28,SFG,CON,-16,-4,72,0.7
217,MFG,Salience,32,32,28,mFG,DMN,8,48,-16,0.72
218,MFG,Salience,32,32,28,PHG,DMN,-12,-40,0,0.71
219,MFG,Salience,32,32,28,STG,DMN,-44,12,-36,0.7
220,MFG,Salience,32,32,28,MTG,DAN,-52,-64,4,0.76
221,IFG,Salience,48,24,8,MTG,DMN,-40,-76,24,0.72
222,IFG,Salience,48,24,8,mFG,DMN,4,68,-4,0.69
223,IFG,Salience,48,24,8,PrCu,DAN,8,-60,60,0.75
224,IFG,Salience,48,24,8,PrCu,DAN,20,-64,48,0.7
225,IFG,Salience,48,24,8,FFG,DAN,-44,-60,-8,0.71
226,IFG,Salience,48,24,8,MFG,DAN,28,-4,52,0.68
227,IFG,Salience,48,24,8,PreCent,FPN,-44,0,44,0.68
228,IFG,Salience,48,24,8,MFG,FPN,48,24,28,0.75
229,IFG,Salience,48,24,8,PreCent,FPN,48,8,32,0.68
230,IFG,Salience,48,24,8,PrCu,Salience,12,-40,52,0.72
231,Insula,Salience,-36,20,0,MTG,DMN,-40,-76,24,0.72
232,Insula,Salience,-36,20,0,mFG,DMN,4,68,-4,0.68
233,Insula,Salience,-36,20,0,PreCent,FPN,-44,0,44,0.68
234,Insula,Salience,-36,20,0,PrCu,Salience,12,-40,52,0.73
235,Insula,Salience,36,20,4,MTG,DMN,-40,-76,24,0.71
236,Insula,Salience,36,20,4,mFG,DMN,4,68,-4,0.74
237,Insula,Salience,36,20,4,PrCu,DAN,8,-60,60,0.71
238,Insula,Salience,36,20,4,PreCent,FPN,-44,0,44,0.68
239,Insula,Salience,36,20,4,MFG,FPN,48,24,28,0.7
240,Insula,Salience,36,20,4,MFG,FPN,32,56,-12,0.68
241,Insula,Salience,36,20,4,PrCu,Salience,12,-40,52,0.72
242,IFG,Salience,36,32,-4,PrCu,DAN,-28,-72,36,0.68
243,Claustrum,Salience,32,16,-8,MTG,DMN,-40,-76,24,0.72
244,Claustrum,Salience,32,16,-8,PrCu,DAN,8,-60,60,0.71
245,Claustrum,Salience,32,16,-8,MFG,FPN,48,24,28,0.7
246,Claustrum,Salience,32,16,-8,PrCu,Salience,12,-40,52,0.7
247,CG,Salience,-12,24,24,MTG,DMN,-44,-60,20,0.7
248,CG,Salience,0,32,28,STG,DMN,-44,12,-36,0.68
249,CG,Salience,0,32,28,MTG,DAN,-52,-64,4,0.71
250,CG,Salience,4,24,36,PrCu,DAN,-28,-72,36,0.7
251,PrCu,SSM,-8,-52,60,Insula,Auditory,32,-28,12,0.76
252,PrCu,SSM,-8,-52,60,SFG,CON,-16,-4,72,0.73
253,PrCu,SSM,-8,-52,60,mFG,DMN,8,48,-16,0.76
254,PrCu,SSM,-8,-52,60,PHG,DMN,-12,-40,0,0.78
255,PrCu,SSM,-8,-52,60,mFG,DMN,-16,64,-8,0.73
256,PrCu,SSM,-8,-52,60,MTG,DMN,-44,-60,20,0.75
257,PrCu,SSM,-8,-52,60,STG,DMN,-44,12,-36,0.72
258,PrCu,SSM,-8,-52,60,MTG,DMN,-68,-24,-16,0.72
259,PrCu,SSM,-8,-52,60,MTG,DMN,-44,-64,36,0.7
260,PrCu,SSM,-8,-52,60,PrCu,DMN,-40,-76,44,0.73
261,PrCu,SSM,-8,-52,60,PostCing,DMN,-8,-56,28,0.7
262,PrCu,SSM,-8,-52,60,PostCing,DMN,12,-52,16,0.68
263,PrCu,SSM,-8,-52,60,MTG,DAN,-52,-64,4,0.77
264,PrCu,SSM,-8,-52,60,MTG,DAN,48,-60,4,0.71
265,PrCu,SSM,-8,-52,60,SPL,DAN,24,-60,60,0.71
266,PrCu,SSM,-8,-52,60,SPL,DAN,-16,-60,64,0.68
267,PrCu,SSM,-8,-52,60,IFG,Salience,48,24,8,0.68
268,PrCu,SSM,-8,-52,60,Insula,Salience,-36,20,0,0.67
269,CG,SSM,-12,-16,40,Insula,Auditory,32,-28,12,0.77
270,CG,SSM,-12,-16,40,Insula,Auditory,64,-32,20,0.68
271,CG,SSM,-12,-16,40,Transverse Temporal,Auditory,56,-16,8,0.68
272,CG,SSM,-12,-16,40,STG,Auditory,-40,-32,16,0.68
273,CG,SSM,-12,-16,40,SFG,CON,-16,-4,72,0.71
274,CG,SSM,-12,-16,40,mFG,DMN,8,48,-16,0.7
275,CG,SSM,-12,-16,40,PHG,DMN,-12,-40,0,0.71
276,CG,SSM,-12,-16,40,mFG,DMN,-16,64,-8,0.74
277,CG,SSM,-12,-16,40,MTG,DMN,-44,-60,20,0.73
278,CG,SSM,-12,-16,40,MTG,DMN,-68,-24,-16,0.68
279,CG,SSM,-12,-16,40,MTG,DMN,-44,-64,36,0.7
280,CG,SSM,-12,-16,40,PrCu,DMN,-40,-76,44,0.7
281,CG,SSM,-12,-16,40,PostCing,DMN,12,-52,16,0.68
282,CG,SSM,-12,-16,40,MTG,DAN,-52,-64,4,0.72
283,CG,SSM,-12,-16,40,MTG,DAN,48,-60,4,0.73
284,CG,SSM,-12,-16,40,SPL,DAN,24,-60,60,0.75
285,ParaCent,SSM,0,-16,48,Insula,Auditory,32,-28,12,0.73
286,ParaCent,SSM,0,-16,48,SFG,CON,-16,-4,72,0.73
287,ParaCent,SSM,0,-16,48,mFG,DMN,8,48,-16,0.75
288,ParaCent,SSM,0,-16,48,PHG,DMN,-12,-40,0,0.74
289,ParaCent,SSM,0,-16,48,mFG,DMN,-16,64,-8,0.72
290,ParaCent,SSM,0,-16,48,MTG,DMN,-44,-60,20,0.73
291,ParaCent,SSM,0,-16,48,STG,DMN,-44,12,-36,0.68
292,ParaCent,SSM,0,-16,48,MTG,DMN,-68,-24,-16,0.71
293,ParaCent,SSM,0,-16,48,PrCu,DMN,-40,-76,44,0.69
294,ParaCent,SSM,0,-16,48,PostCing,DMN,-8,-56,28,0.69
295,ParaCent,SSM,0,-16,48,MTG,DAN,-52,-64,4,0.75
296,ParaCent,SSM,0,-16,48,MTG,DAN,48,-60,4,0.69
297,ParaCent,SSM,0,-16,48,SPL,DAN,24,-60,60,0.72
298,ParaCent,SSM,0,-16,48,Insula,Salience,-36,20,0,0.68
299,CG,SSM,8,0,44,Insula,Auditory,32,-28,12,0.76
300,CG,SSM,8,0,44,Insula,Auditory,64,-32,20,0.74
301,CG,SSM,8,0,44,STG,Auditory,-40,-32,16,0.69
302,CG,SSM,8,0,44,STG,Auditory,-60,-24,12,0.7
303,CG,SSM,8,0,44,STG,Auditory,-48,-28,4,0.69
304,CG,SSM,8,0,44,Insula,Auditory,-48,-36,24,0.68
305,CG,SSM,8,0,44,SFG,CON,-16,-4,72,0.72
306,CG,SSM,8,0,44,mFG,DMN,8,48,-16,0.75
307,CG,SSM,8,0,44,PHG,DMN,-12,-40,0,0.73
308,CG,SSM,8,0,44,mFG,DMN,-16,64,-8,0.71
309,CG,SSM,8,0,44,STG,DMN,-44,12,-36,0.7
310,CG,SSM,8,0,44,MTG,DMN,-44,-64,36,0.69
311,CG,SSM,8,0,44,PrCu,DMN,-40,-76,44,0.69
312,CG,SSM,8,0,44,SFG,DMN,-16,28,52,0.68
313,CG,SSM,8,0,44,MTG,DAN,-52,-64,4,0.73
314,CG,SSM,8,0,44,SPL,DAN,24,-60,60,0.68
315,CG,SSM,8,0,44,Insula,Salience,-36,20,0,0.68
316,mFG,SSM,-8,-20,64,Insula,Auditory,32,-28,12,0.77
317,mFG,SSM,-8,-20,64,Insula,Auditory,64,-32,20,0.7
318,mFG,SSM,-8,-20,64,SFG,CON,-16,-4,72,0.75
319,mFG,SSM,-8,-20,64,mFG,DMN,8,48,-16,0.71
320,mFG,SSM,-8,-20,64,PHG,DMN,-12,-40,0,0.75
321,mFG,SSM,-8,-20,64,mFG,DMN,-16,64,-8,0.76
322,mFG,SSM,-8,-20,64,MTG,DMN,-44,-60,20,0.72
323,mFG,SSM,-8,-20,64,STG,DMN,-44,12,-36,0.69
324,mFG,SSM,-8,-20,64,PrCu,DMN,-40,-76,44,0.72
325,mFG,SSM,-8,-20,64,PostCing,DMN,-8,-56,28,0.73
326,mFG,SSM,-8,-20,64,MTG,DAN,-52,-64,4,0.79
327,mFG,SSM,-8,-20,64,SPL,DAN,24,-60,60,0.73
328,mFG,SSM,-8,-20,64,Insula,Salience,-36,20,0,0.71
329,ParaCent,SSM,-8,-32,72,Insula,Auditory,32,-28,12,0.69
330,ParaCent,SSM,-8,-32,72,SFG,CON,-16,-4,72,0.67
331,ParaCent,SSM,-8,-32,72,mFG,DMN,8,48,-16,0.74
332,ParaCent,SSM,-8,-32,72,MTG,DMN,-68,-24,-16,0.68
333,ParaCent,SSM,-8,-32,72,MTG,DAN,48,-60,4,0.7
334,ParaCent,SSM,-8,-32,72,IFG,Salience,48,24,8,0.72
335,ParaCent,SSM,12,-32,76,Insula,Auditory,32,-28,12,0.71
336,ParaCent,SSM,12,-32,76,SFG,CON,-16,-4,72,0.69
337,ParaCent,SSM,12,-32,76,PHG,DMN,-12,-40,0,0.7
338,ParaCent,SSM,12,-32,76,mFG,DMN,-16,64,-8,0.69
339,ParaCent,SSM,12,-32,76,MTG,DAN,-52,-64,4,0.7
340,ParaCent,SSM,12,-32,76,SPL,DAN,24,-60,60,0.68
341,PostCent,SSM,-52,-24,44,Insula,Auditory,32,-28,12,0.7
342,PostCent,SSM,-52,-24,44,STG,Auditory,-48,-28,4,0.68
343,PostCent,SSM,-52,-24,44,SFG,CON,-16,-4,72,0.69
344,PostCent,SSM,-52,-24,44,mFG,DMN,8,48,-16,0.69
345,PostCent,SSM,-52,-24,44,PHG,DMN,-12,-40,0,0.7
346,PostCent,SSM,-52,-24,44,mFG,DMN,-16,64,-8,0.73
347,PostCent,SSM,-52,-24,44,STG,DMN,-44,12,-36,0.69
348,PostCent,SSM,-52,-24,44,PrCu,DMN,-40,-76,44,0.7
349,PostCent,SSM,-52,-24,44,PostCing,DMN,-8,-56,28,0.68
350,PostCent,SSM,-52,-24,44,MTG,DAN,-52,-64,4,0.73
351,PreCent,SSM,28,-16,72,Insula,Auditory,32,-28,12,0.68
352,PreCent,SSM,28,-16,72,SFG,CON,-16,-4,72,0.71
353,PreCent,SSM,28,-16,72,MTG,DMN,-44,-60,20,0.69
354,PreCent,SSM,28,-16,72,MTG,DAN,48,-60,4,0.71
355,PreCent,SSM,28,-16,72,SPL,DAN,24,-60,60,0.69
356,PostCent,SSM,8,-44,72,Insula,Auditory,32,-28,12,0.73
357,PostCent,SSM,8,-44,72,Insula,Auditory,64,-32,20,0.7
358,PostCent,SSM,8,-44,72,SFG,CON,-16,-4,72,0.71
359,PostCent,SSM,8,-44,72,mFG,DMN,8,48,-16,0.72
360,PostCent,SSM,8,-44,72,PHG,DMN,-12,-40,0,0.71
361,PostCent,SSM,8,-44,72,mFG,DMN,-16,64,-8,0.7
362,PostCent,SSM,8,-44,72,STG,DMN,-44,12,-36,0.7
363,PostCent,SSM,8,-44,72,PostCing,DMN,-8,-56,28,0.68
364,PostCent,SSM,8,-44,72,MTG,DAN,-52,-64,4,0.74
365,PostCent,SSM,-24,-32,72,mFG,DMN,8,48,-16,0.71
366,PostCent,SSM,-24,-32,72,MTG,DMN,-68,-24,-16,0.67
367,PostCent,SSM,-24,-32,72,MTG,DAN,48,-60,4,0.7
368,PostCent,SSM,-40,-20,56,Insula,Auditory,32,-28,12,0.69
369,PostCent,SSM,-40,-20,56,SFG,CON,-16,-4,72,0.68
370,PostCent,SSM,-40,-20,56,PHG,DMN,-12,-40,0,0.68
371,PostCent,SSM,-40,-20,56,mFG,DMN,-16,64,-8,0.69
372,PostCent,SSM,-40,-20,56,MTG,DMN,-44,-60,20,0.72
373,PostCent,SSM,-40,-20,56,MTG,DAN,-52,-64,4,0.69
374,PostCent,SSM,-40,-20,56,SPL,DAN,24,-60,60,0.69
375,Sub-Gyral,SSM,28,-40,60,Insula,Auditory,32,-28,12,0.72
376,Sub-Gyral,SSM,28,-40,60,Insula,Auditory,64,-32,20,0.69
377,Sub-Gyral,SSM,28,-40,60,Transverse Temporal,Auditory,56,-16,8,0.71
378,Sub-Gyral,SSM,28,-40,60,mFG,DMN,8,48,-16,0.75
379,PostCent,SSM,52,-20,40,mFG,DMN,8,48,-16,0.7
380,PostCent,SSM,52,-20,40,MTG,DMN,-68,-24,-16,0.73
381,PostCent,SSM,52,-20,40,MTG,DAN,48,-60,4,0.68
382,PostCent,SSM,-40,-28,68,Insula,Auditory,32,-28,12,0.73
383,PostCent,SSM,-40,-28,68,Insula,Auditory,64,-32,20,0.68
384,PostCent,SSM,-40,-28,68,SFG,CON,-16,-4,72,0.71
385,PostCent,SSM,-40,-28,68,mFG,DMN,8,48,-16,0.71
386,PostCent,SSM,-40,-28,68,PHG,DMN,-12,-40,0,0.7
387,PostCent,SSM,-40,-28,68,STG,DMN,-44,12,-36,0.71
388,PostCent,SSM,-40,-28,68,MTG,DAN,-52,-64,4,0.7
389,ParaCent,SSM,20,-28,60,mFG,DMN,8,48,-16,0.7
390,ParaCent,SSM,20,-28,60,CG,DMN,-4,-36,44,0.69
391,ParaCent,SSM,20,-28,60,MTG,DAN,48,-60,4,0.68
392,PreCent,SSM,44,-8,56,Insula,Auditory,32,-28,12,0.71
393,PreCent,SSM,44,-8,56,Insula,Auditory,64,-32,20,0.69
394,PreCent,SSM,44,-8,56,SFG,CON,-16,-4,72,0.67
395,PreCent,SSM,44,-8,56,mFG,DMN,8,48,-16,0.73
396,PreCent,SSM,44,-8,56,MTG,DMN,-68,-24,-16,0.68
397,PreCent,SSM,44,-8,56,MTG,DAN,-52,-64,4,0.68
398,Sub-Gyral,SSM,-28,-44,60,Insula,Auditory,32,-28,12,0.69
399,Sub-Gyral,SSM,-28,-44,60,STG,Auditory,-48,-28,4,0.68
400,Sub-Gyral,SSM,-28,-44,60,SFG,CON,-16,-4,72,0.7
401,Sub-Gyral,SSM,-28,-44,60,PrCu,DMN,-40,-76,44,0.7
402,Sub-Gyral,SSM,-28,-44,60,PostCing,DMN,-8,-56,28,0.68
403,Sub-Gyral,SSM,-28,-44,60,MTG,DAN,-52,-64,4,0.68
404,mFG,SSM,12,-16,76,Insula,Auditory,32,-28,12,0.69
405,mFG,SSM,12,-16,76,mFG,DMN,8,48,-16,0.7
406,mFG,SSM,12,-16,76,mFG,DMN,-16,64,-8,0.68
407,mFG,SSM,12,-16,76,MTG,DAN,-52,-64,4,0.69
408,SPL,SSM,24,-44,68,Insula,Auditory,32,-28,12,0.68
409,SPL,SSM,24,-44,68,SFG,CON,-16,-4,72,0.7
410,SPL,SSM,24,-44,68,mFG,DMN,8,48,-16,0.67
411,SPL,SSM,24,-44,68,PrCu,DMN,4,-60,36,0.69
412,SPL,SSM,24,-44,68,MTG,DAN,-52,-64,4,0.68
413,IPL,SSM,-44,-32,48,mFG,DMN,-16,64,-8,0.68
414,IPL,SSM,-44,-32,48,MTG,DAN,-52,-64,4,0.68
415,Sub-Gyral,SSM,-20,-32,60,SFG,CON,-16,-4,72,0.68
416,Sub-Gyral,SSM,-20,-32,60,PHG,DMN,-12,-40,0,0.69
417,Sub-Gyral,SSM,-20,-32,60,MTG,DAN,-52,-64,4,0.72
418,PreCent,SSM,-12,-16,76,MTG,DAN,-52,-64,4,0.71
419,PostCent,SSM,44,-20,56,MTG,DAN,-52,-64,4,0.68
420,SFG,VAN,-8,12,68,mFG,CON,-4,4,52,0.71
421,SFG,VAN,-8,12,68,SFG,CON,20,-8,64,0.71
422,SFG,VAN,-8,12,68,CG,CON,-12,-4,44,0.7
423,SFG,VAN,-8,12,68,MTG,DMN,-40,-76,24,0.75
424,SFG,VAN,-8,12,68,PrCu,DAN,20,-64,48,0.68
425,SFG,VAN,-8,12,68,IPL,DAN,-32,-48,48,0.69
426,SFG,VAN,-8,12,68,PreCent,FPN,-44,0,44,0.69
427,SFG,VAN,-8,12,68,PrCu,Salience,12,-40,52,0.79
428,SFG,VAN,-8,12,68,PrCu,SSM,-8,-52,60,0.71
429,SFG,VAN,-8,12,68,CG,SSM,-12,-16,40,0.74
430,SFG,VAN,-8,12,68,ParaCent,SSM,0,-16,48,0.72
431,SFG,VAN,-8,12,68,CG,SSM,8,0,44,0.73
432,SFG,VAN,-8,12,68,mFG,SSM,-8,-20,64,0.75
433,SFG,VAN,-8,12,68,ParaCent,SSM,12,-32,76,0.69
434,SFG,VAN,-8,12,68,PostCent,SSM,-52,-24,44,0.7
435,SFG,VAN,-8,12,68,PostCent,SSM,8,-44,72,0.71
436,SFG,VAN,-8,12,68,Sub-Gyral,SSM,28,-40,60,0.68
437,SFG,VAN,-8,12,68,PostCent,SSM,-40,-28,68,0.69
438,SFG,VAN,-8,12,68,Sub-Gyral,SSM,-28,-44,60,0.69
439,SFG,VAN,-8,12,68,mFG,SSM,12,-16,76,0.7
440,STG,VAN,52,-44,20,SFG,CON,20,-8,64,0.67
441,STG,VAN,52,-44,20,CG,CON,-12,-4,44,0.69
442,STG,VAN,52,-44,20,MTG,DMN,-40,-76,24,0.79
443,STG,VAN,52,-44,20,mFG,DMN,4,68,-4,0.7
444,STG,VAN,52,-44,20,PreCent,FPN,-44,0,44,0.7
445,STG,VAN,52,-44,20,PrCu,Salience,12,-40,52,0.8
446,STG,VAN,52,-44,20,PrCu,SSM,-8,-52,60,0.74
447,STG,VAN,52,-44,20,CG,SSM,-12,-16,40,0.73
448,STG,VAN,52,-44,20,ParaCent,SSM,0,-16,48,0.73
449,STG,VAN,52,-44,20,CG,SSM,8,0,44,0.7
450,STG,VAN,52,-44,20,mFG,SSM,-8,-20,64,0.73
451,STG,VAN,52,-44,20,ParaCent,SSM,12,-32,76,0.68
452,STG,VAN,52,-44,20,PostCent,SSM,-52,-24,44,0.68
453,STG,VAN,52,-44,20,PostCent,SSM,-40,-20,56,0.67
454,STG,VAN,-56,-52,8,SFG,CON,20,-8,64,0.68
455,STG,VAN,-56,-52,8,MTG,DMN,-40,-76,24,0.75
456,STG,VAN,-56,-52,8,mFG,DMN,4,68,-4,0.73
457,STG,VAN,-56,-52,8,PrCu,DMN,4,-60,36,0.68
458,STG,VAN,-56,-52,8,PrCu,DAN,8,-60,60,0.69
459,STG,VAN,-56,-52,8,MFG,FPN,48,24,28,0.68
460,STG,VAN,-56,-52,8,MFG,FPN,32,56,-12,0.68
461,STG,VAN,-56,-52,8,MFG,FPN,40,44,16,0.7
462,STG,VAN,-56,-52,8,IPL,FPN,48,-44,44,0.69
463,STG,VAN,-56,-52,8,PrCu,Salience,12,-40,52,0.69
464,STG,VAN,-56,-52,8,CG,SSM,-12,-16,40,0.71
465,STG,VAN,-56,-52,8,PreCent,SSM,28,-16,72,0.68
466,STG,VAN,-56,-40,12,MTG,DMN,-40,-76,24,0.72
467,STG,VAN,-56,-40,12,mFG,DMN,4,68,-4,0.7
468,STG,VAN,-56,-40,12,PrCu,Salience,12,-40,52,0.73
469,STG,VAN,-56,-40,12,CG,SSM,-12,-16,40,0.68
470,STG,VAN,-56,-40,12,ParaCent,SSM,-8,-32,72,0.69
471,STG,VAN,-56,-40,12,PostCent,SSM,52,-20,40,0.68
472,STG,VAN,52,-32,8,MTG,DMN,-40,-76,24,0.68
473,STG,VAN,52,-32,8,PrCu,DAN,8,-60,60,0.69
474,STG,VAN,52,-32,8,PrCu,Salience,12,-40,52,0.71
475,STG,VAN,52,-28,-4,MTG,DAN,-52,-64,4,0.72
476,STG,VAN,56,-48,12,ParaCent,SSM,0,-16,48,0.68
477,Culmen,Visual,16,-48,-8,mFG,CON,-4,4,52,0.69
478,Culmen,Visual,16,-48,-8,IPL,CON,56,-28,32,0.74
479,Culmen,Visual,16,-48,-8,SFG,CON,20,-8,64,0.7
480,Culmen,Visual,16,-48,-8,CG,CON,-12,-4,44,0.7
481,Culmen,Visual,16,-48,-8,Insula,CON,-44,0,8,0.69
482,Culmen,Visual,16,-48,-8,MTG,DMN,-40,-76,24,0.82
483,Culmen,Visual,16,-48,-8,mFG,DMN,4,68,-4,0.81
484,Culmen,Visual,16,-48,-8,MTG,DMN,44,-72,28,0.72
485,Culmen,Visual,16,-48,-8,STG,DMN,44,16,-32,0.71
486,Culmen,Visual,16,-48,-8,PrCu,DMN,4,-60,36,0.67
487,Culmen,Visual,16,-48,-8,PostCing,DMN,-12,-56,16,0.69
488,Culmen,Visual,16,-48,-8,SFG,DMN,-12,40,52,0.69
489,Culmen,Visual,16,-48,-8,PrCu,DAN,8,-60,60,0.78
490,Culmen,Visual,16,-48,-8,PrCu,DAN,20,-64,48,0.72
491,Culmen,Visual,16,-48,-8,PrCu,DAN,-28,-72,36,0.68
492,Culmen,Visual,16,-48,-8,FFG,DAN,-44,-60,-8,0.69
493,Culmen,Visual,16,-48,-8,MFG,DAN,28,-4,52,0.67
494,Culmen,Visual,16,-48,-8,PreCent,FPN,-44,0,44,0.76
495,Culmen,Visual,16,-48,-8,MFG,FPN,48,24,28,0.77
496,Culmen,Visual,16,-48,-8,IFG,FPN,-48,12,24,0.75
497,Culmen,Visual,16,-48,-8,IPL,FPN,-52,-48,44,0.75
498,Culmen,Visual,16,-48,-8,SFG,FPN,-24,12,64,0.72
499,Culmen,Visual,16,-48,-8,ITG,FPN,60,-52,-12,0.71
500,Culmen,Visual,16,-48,-8,ACC,FPN,24,44,-16,0.73
501,Culmen,Visual,16,-48,-8,MFG,FPN,32,56,-12,0.68
502,Culmen,Visual,16,-48,-8,MFG,FPN,40,44,16,0.68
503,Culmen,Visual,16,-48,-8,IPL,FPN,48,-44,44,0.69
504,Culmen,Visual,16,-48,-8,MFG,FPN,32,16,56,0.69
505,Culmen,Visual,16,-48,-8,PrCu,FPN,36,-64,40,0.69
506,Culmen,Visual,16,-48,-8,PrCu,Salience,12,-40,52,0.82
507,Culmen,Visual,16,-48,-8,Supramarginal,Salience,56,-44,36,0.71
508,Culmen,Visual,16,-48,-8,MFG,Salience,44,0,48,0.69
509,Culmen,Visual,16,-48,-8,MFG,Salience,32,32,28,0.68
510,Culmen,Visual,16,-48,-8,CG,Salience,-12,24,24,0.69
511,Culmen,Visual,16,-48,-8,mFG,Salience,0,16,44,0.69
512,Culmen,Visual,16,-48,-8,SFG,Salience,-28,52,20,0.71
513,Culmen,Visual,16,-48,-8,CG,Salience,12,24,28,0.69
514,Culmen,Visual,16,-48,-8,PrCu,SSM,-8,-52,60,0.77
515,Culmen,Visual,16,-48,-8,CG,SSM,-12,-16,40,0.74
516,Culmen,Visual,16,-48,-8,ParaCent,SSM,0,-16,48,0.74
517,Culmen,Visual,16,-48,-8,CG,SSM,8,0,44,0.72
518,Culmen,Visual,16,-48,-8,mFG,SSM,-8,-20,64,0.76
519,Culmen,Visual,16,-48,-8,ParaCent,SSM,-8,-32,72,0.72
520,Culmen,Visual,16,-48,-8,ParaCent,SSM,12,-32,76,0.71
521,Culmen,Visual,16,-48,-8,PostCent,SSM,-52,-24,44,0.69
522,Culmen,Visual,16,-48,-8,PreCent,SSM,28,-16,72,0.7
523,Culmen,Visual,16,-48,-8,PostCent,SSM,-24,-32,72,0.71
524,Culmen,Visual,16,-48,-8,PostCent,SSM,-40,-20,56,0.73
525,Culmen,Visual,16,-48,-8,Sub-Gyral,SSM,28,-40,60,0.69
526,Culmen,Visual,16,-48,-8,PostCent,SSM,-40,-28,68,0.68
527,Culmen,Visual,16,-48,-8,ParaCent,SSM,20,-28,60,0.7
528,Culmen,Visual,16,-48,-8,Sub-Gyral,SSM,-28,-44,60,0.69
529,Culmen,Visual,16,-48,-8,IPL,SSM,-44,-32,48,0.72
530,MOG,Visual,40,-72,16,mFG,CON,-4,4,52,0.78
531,MOG,Visual,40,-72,16,IPL,CON,56,-28,32,0.74
532,MOG,Visual,40,-72,16,SFG,CON,20,-8,64,0.78
533,MOG,Visual,40,-72,16,CG,CON,-12,-4,44,0.73
534,MOG,Visual,40,-72,16,MTG,DMN,-40,-76,24,0.8
535,MOG,Visual,40,-72,16,mFG,DMN,4,68,-4,0.76
536,MOG,Visual,40,-72,16,CG,DMN,8,-48,32,0.71
537,MOG,Visual,40,-72,16,SFG,DMN,24,32,48,0.69
538,MOG,Visual,40,-72,16,MFG,DMN,-36,20,52,0.69
539,MOG,Visual,40,-72,16,MFG,DMN,24,40,40,0.68
540,MOG,Visual,40,-72,16,PrCu,DAN,8,-60,60,0.77
541,MOG,Visual,40,-72,16,PrCu,DAN,20,-64,48,0.74
542,MOG,Visual,40,-72,16,IPL,DAN,-32,-48,48,0.77
543,MOG,Visual,40,-72,16,PrCu,DAN,-28,-72,36,0.71
544,MOG,Visual,40,-72,16,MFG,DAN,-32,0,56,0.73
545,MOG,Visual,40,-72,16,MFG,DAN,28,-4,52,0.69
546,MOG,Visual,40,-72,16,PreCent,FPN,-44,0,44,0.68
547,MOG,Visual,40,-72,16,MFG,FPN,48,24,28,0.68
548,MOG,Visual,40,-72,16,IFG,FPN,-48,12,24,0.74
549,MOG,Visual,40,-72,16,IPL,FPN,-52,-48,44,0.68
550,MOG,Visual,40,-72,16,ITG,FPN,60,-52,-12,0.68
551,MOG,Visual,40,-72,16,ACC,FPN,24,44,-16,0.71
552,MOG,Visual,40,-72,16,PreCent,FPN,48,8,32,0.73
553,MOG,Visual,40,-72,16,PreCent,FPN,-40,4,32,0.72
554,MOG,Visual,40,-72,16,SPL,FPN,-28,-56,48,0.71
555,MOG,Visual,40,-72,16,PrCu,Salience,12,-40,52,0.84
556,MOG,Visual,40,-72,16,Supramarginal,Salience,56,-44,36,0.77
557,MOG,Visual,40,-72,16,MFG,Salience,44,0,48,0.68
558,MOG,Visual,40,-72,16,MFG,Salience,32,32,28,0.72
559,MOG,Visual,40,-72,16,PrCu,SSM,-8,-52,60,0.78
560,MOG,Visual,40,-72,16,CG,SSM,-12,-16,40,0.74
561,MOG,Visual,40,-72,16,ParaCent,SSM,0,-16,48,0.78
562,MOG,Visual,40,-72,16,CG,SSM,8,0,44,0.75
563,MOG,Visual,40,-72,16,mFG,SSM,-8,-20,64,0.77
564,MOG,Visual,40,-72,16,ParaCent,SSM,-8,-32,72,0.77
565,MOG,Visual,40,-72,16,ParaCent,SSM,12,-32,76,0.74
566,MOG,Visual,40,-72,16,PostCent,SSM,-52,-24,44,0.74
567,MOG,Visual,40,-72,16,PreCent,SSM,28,-16,72,0.7
568,MOG,Visual,40,-72,16,PostCent,SSM,8,-44,72,0.75
569,MOG,Visual,40,-72,16,PostCent,SSM,-24,-32,72,0.73
570,MOG,Visual,40,-72,16,PostCent,SSM,-40,-20,56,0.7
571,MOG,Visual,40,-72,16,Sub-Gyral,SSM,28,-40,60,0.73
572,MOG,Visual,40,-72,16,PostCent,SSM,52,-20,40,0.71
573,MOG,Visual,40,-72,16,PostCent,SSM,-40,-28,68,0.72
574,MOG,Visual,40,-72,16,ParaCent,SSM,20,-28,60,0.7
575,MOG,Visual,40,-72,16,PreCent,SSM,44,-8,56,0.72
576,MOG,Visual,40,-72,16,Sub-Gyral,SSM,-28,-44,60,0.7
577,MOG,Visual,40,-72,16,mFG,SSM,12,-16,76,0.72
578,MOG,Visual,40,-72,16,SPL,SSM,24,-44,68,0.67
579,MOG,Visual,40,-72,16,IPL,SSM,-44,-32,48,0.71
580,MOG,Visual,40,-72,16,Sub-Gyral,SSM,-20,-32,60,0.69
581,MOG,Visual,40,-72,16,PreCent,SSM,-12,-16,76,0.68
582,Cu,Visual,8,-72,12,mFG,CON,-4,4,52,0.74
583,Cu,Visual,8,-72,12,IPL,CON,56,-28,32,0.77
584,Cu,Visual,8,-72,12,SFG,CON,20,-8,64,0.73
585,Cu,Visual,8,-72,12,CG,CON,-12,-4,44,0.72
586,Cu,Visual,8,-72,12,MTG,DMN,-40,-76,24,0.8
587,Cu,Visual,8,-72,12,mFG,DMN,4,68,-4,0.81
588,Cu,Visual,8,-72,12,MTG,DMN,44,-72,28,0.7
589,Cu,Visual,8,-72,12,STG,DMN,44,16,-32,0.72
590,Cu,Visual,8,-72,12,CG,DMN,8,-48,32,0.71
591,Cu,Visual,8,-72,12,SFG,DMN,24,32,48,0.7
592,Cu,Visual,8,-72,12,MFG,DMN,24,40,40,0.68
593,Cu,Visual,8,-72,12,PrCu,DAN,8,-60,60,0.8
594,Cu,Visual,8,-72,12,PrCu,DAN,20,-64,48,0.74
595,Cu,Visual,8,-72,12,IPL,DAN,-32,-48,48,0.7
596,Cu,Visual,8,-72,12,PrCu,DAN,-28,-72,36,0.68
597,Cu,Visual,8,-72,12,MFG,DAN,-32,0,56,0.71
598,Cu,Visual,8,-72,12,MFG,DAN,28,-4,52,0.68
599,Cu,Visual,8,-72,12,PreCent,FPN,-44,0,44,0.75
600,Cu,Visual,8,-72,12,MFG,FPN,48,24,28,0.76
601,Cu,Visual,8,-72,12,IFG,FPN,-48,12,24,0.73
602,Cu,Visual,8,-72,12,IPL,FPN,-52,-48,44,0.73
603,Cu,Visual,8,-72,12,SFG,FPN,-24,12,64,0.73
604,Cu,Visual,8,-72,12,ITG,FPN,60,-52,-12,0.72
605,Cu,Visual,8,-72,12,ACC,FPN,24,44,-16,0.74
606,Cu,Visual,8,-72,12,MFG,FPN,32,56,-12,0.71
607,Cu,Visual,8,-72,12,PreCent,FPN,48,8,32,0.72
608,Cu,Visual,8,-72,12,PreCent,FPN,-40,4,32,0.69
609,Cu,Visual,8,-72,12,IPL,FPN,48,-44,44,0.69
610,Cu,Visual,8,-72,12,PrCu,Salience,12,-40,52,0.81
611,Cu,Visual,8,-72,12,Supramarginal,Salience,56,-44,36,0.76
612,Cu,Visual,8,-72,12,MFG,Salience,44,0,48,0.73
613,Cu,Visual,8,-72,12,MFG,Salience,32,32,28,0.7
614,Cu,Visual,8,-72,12,IFG,Salience,36,32,-4,0.7
615,Cu,Visual,8,-72,12,mFG,Salience,0,16,44,0.68
616,Cu,Visual,8,-72,12,SFG,Salience,-28,52,20,0.69
617,Cu,Visual,8,-72,12,PrCu,SSM,-8,-52,60,0.75
618,Cu,Visual,8,-72,12,CG,SSM,-12,-16,40,0.71
619,Cu,Visual,8,-72,12,ParaCent,SSM,0,-16,48,0.73
620,Cu,Visual,8,-72,12,CG,SSM,8,0,44,0.69
621,Cu,Visual,8,-72,12,mFG,SSM,-8,-20,64,0.73
622,Cu,Visual,8,-72,12,ParaCent,SSM,-8,-32,72,0.77
623,Cu,Visual,8,-72,12,ParaCent,SSM,12,-32,76,0.7
624,Cu,Visual,8,-72,12,PreCent,SSM,28,-16,72,0.72
625,Cu,Visual,8,-72,12,PostCent,SSM,-24,-32,72,0.74
626,Cu,Visual,8,-72,12,Sub-Gyral,SSM,28,-40,60,0.69
627,Cu,Visual,8,-72,12,PostCent,SSM,52,-20,40,0.69
628,Cu,Visual,8,-72,12,ParaCent,SSM,20,-28,60,0.71
629,Cu,Visual,8,-72,12,PreCent,SSM,44,-8,56,0.69
630,Cu,Visual,8,-72,12,IPL,SSM,-44,-32,48,0.68
631,LG,Visual,-8,-80,8,mFG,CON,-4,4,52,0.77
632,LG,Visual,-8,-80,8,IPL,CON,56,-28,32,0.7
633,LG,Visual,-8,-80,8,SFG,CON,20,-8,64,0.76
634,LG,Visual,-8,-80,8,CG,CON,-12,-4,44,0.72
635,LG,Visual,-8,-80,8,SFG,CON,12,0,68,0.68
636,LG,Visual,-8,-80,8,MTG,DMN,-40,-76,24,0.74
637,LG,Visual,-8,-80,8,mFG,DMN,4,68,-4,0.74
638,LG,Visual,-8,-80,8,PrCu,DAN,8,-60,60,0.75
639,LG,Visual,-8,-80,8,PrCu,DAN,20,-64,48,0.71
640,LG,Visual,-8,-80,8,IPL,DAN,-32,-48,48,0.74
641,LG,Visual,-8,-80,8,PrCu,DAN,-28,-72,36,0.68
642,LG,Visual,-8,-80,8,MFG,DAN,-32,0,56,0.74
643,LG,Visual,-8,-80,8,MFG,DAN,28,-4,52,0.72
644,LG,Visual,-8,-80,8,IFG,FPN,-48,12,24,0.73
645,LG,Visual,-8,-80,8,IPL,FPN,-52,-48,44,0.68
646,LG,Visual,-8,-80,8,ITG,FPN,60,-52,-12,0.68
647,LG,Visual,-8,-80,8,ACC,FPN,24,44,-16,0.7
648,LG,Visual,-8,-80,8,PreCent,FPN,48,8,32,0.72
649,LG,Visual,-8,-80,8,PreCent,FPN,-40,4,32,0.7
650,LG,Visual,-8,-80,8,SPL,FPN,-28,-56,48,0.68
651,LG,Visual,-8,-80,8,PrCu,Salience,12,-40,52,0.78
652,LG,Visual,-8,-80,8,Supramarginal,Salience,56,-44,36,0.74
653,LG,Visual,-8,-80,8,MFG,Salience,32,32,28,0.7
654,LG,Visual,-8,-80,8,PrCu,SSM,-8,-52,60,0.76
655,LG,Visual,-8,-80,8,CG,SSM,-12,-16,40,0.75
656,LG,Visual,-8,-80,8,ParaCent,SSM,0,-16,48,0.76
657,LG,Visual,-8,-80,8,CG,SSM,8,0,44,0.72
658,LG,Visual,-8,-80,8,mFG,SSM,-8,-20,64,0.71
659,LG,Visual,-8,-80,8,ParaCent,SSM,-8,-32,72,0.76
660,LG,Visual,-8,-80,8,ParaCent,SSM,12,-32,76,0.73
661,LG,Visual,-8,-80,8,PostCent,SSM,-52,-24,44,0.7
662,LG,Visual,-8,-80,8,PostCent,SSM,8,-44,72,0.72
663,LG,Visual,-8,-80,8,PostCent,SSM,-24,-32,72,0.69
664,LG,Visual,-8,-80,8,PostCent,SSM,-40,-20,56,0.68
665,LG,Visual,-8,-80,8,Sub-Gyral,SSM,28,-40,60,0.73
666,LG,Visual,-8,-80,8,PostCent,SSM,52,-20,40,0.7
667,LG,Visual,-8,-80,8,PostCent,SSM,-40,-28,68,0.72
668,LG,Visual,-8,-80,8,ParaCent,SSM,20,-28,60,0.69
669,LG,Visual,-8,-80,8,PreCent,SSM,44,-8,56,0.71
670,LG,Visual,-8,-80,8,mFG,SSM,12,-16,76,0.7
671,LG,Visual,-8,-80,8,SPL,SSM,24,-44,68,0.7
672,LG,Visual,-8,-80,8,Sub-Gyral,SSM,-20,-32,60,0.7
673,LG,Visual,-8,-80,8,PreCent,SSM,-12,-16,76,0.68
674,MOG,Visual,-28,-80,20,mFG,CON,-4,4,52,0.74
675,MOG,Visual,-28,-80,20,IPL,CON,56,-28,32,0.74
676,MOG,Visual,-28,-80,20,SFG,CON,20,-8,64,0.73
677,MOG,Visual,-28,-80,20,CG,CON,-12,-4,44,0.71
678,MOG,Visual,-28,-80,20,MTG,DMN,-40,-76,24,0.78
679,MOG,Visual,-28,-80,20,mFG,DMN,4,68,-4,0.75
680,MOG,Visual,-28,-80,20,STG,DMN,44,16,-32,0.68
681,MOG,Visual,-28,-80,20,CG,DMN,8,-48,32,0.69
682,MOG,Visual,-28,-80,20,SFG,DMN,24,32,48,0.71
683,MOG,Visual,-28,-80,20,PrCu,DAN,8,-60,60,0.78
684,MOG,Visual,-28,-80,20,PrCu,DAN,20,-64,48,0.75
685,MOG,Visual,-28,-80,20,IPL,DAN,-32,-48,48,0.72
686,MOG,Visual,-28,-80,20,PrCu,DAN,-28,-72,36,0.7
687,MOG,Visual,-28,-80,20,MFG,DAN,-32,0,56,0.69
688,MOG,Visual,-28,-80,20,PreCent,FPN,-44,0,44,0.73
689,MOG,Visual,-28,-80,20,MFG,FPN,48,24,28,0.72
690,MOG,Visual,-28,-80,20,IFG,FPN,-48,12,24,0.73
691,MOG,Visual,-28,-80,20,IPL,FPN,-52,-48,44,0.71
692,MOG,Visual,-28,-80,20,SFG,FPN,-24,12,64,0.71
693,MOG,Visual,-28,-80,20,ITG,FPN,60,-52,-12,0.74
694,MOG,Visual,-28,-80,20,ACC,FPN,24,44,-16,0.73
695,MOG,Visual,-28,-80,20,PreCent,FPN,48,8,32,0.69
696,MOG,Visual,-28,-80,20,PreCent,FPN,-40,4,32,0.7
697,MOG,Visual,-28,-80,20,SPL,FPN,-28,-56,48,0.7
698,MOG,Visual,-28,-80,20,PrCu,Salience,12,-40,52,0.8
699,MOG,Visual,-28,-80,20,Supramarginal,Salience,56,-44,36,0.75
700,MOG,Visual,-28,-80,20,MFG,Salience,44,0,48,0.71
701,MOG,Visual,-28,-80,20,MFG,Salience,32,32,28,0.7
702,MOG,Visual,-28,-80,20,PrCu,SSM,-8,-52,60,0.74
703,MOG,Visual,-28,-80,20,CG,SSM,-12,-16,40,0.71
704,MOG,Visual,-28,-80,20,ParaCent,SSM,0,-16,48,0.75
705,MOG,Visual,-28,-80,20,CG,SSM,8,0,44,0.69
706,MOG,Visual,-28,-80,20,mFG,SSM,-8,-20,64,0.74
707,MOG,Visual,-28,-80,20,ParaCent,SSM,-8,-32,72,0.76
708,MOG,Visual,-28,-80,20,ParaCent,SSM,12,-32,76,0.73
709,MOG,Visual,-28,-80,20,PostCent,SSM,-52,-24,44,0.69
710,MOG,Visual,-28,-80,20,PostCent,SSM,8,-44,72,0.67
711,MOG,Visual,-28,-80,20,PostCent,SSM,-24,-32,72,0.73
712,MOG,Visual,-28,-80,20,PostCent,SSM,52,-20,40,0.68
713,MOG,Visual,-28,-80,20,Sub-Gyral,SSM,-28,-44,60,0.67
714,MOG,Visual,-28,-80,20,IPL,SSM,-44,-32,48,0.69
715,LG,Visual,20,-64,0,STG,Auditory,-60,-24,12,0.71
716,LG,Visual,20,-64,0,Insula,Auditory,44,-24,20,0.69
717,LG,Visual,20,-64,0,mFG,CON,-4,4,52,0.69
718,LG,Visual,20,-64,0,IPL,CON,56,-28,32,0.7
719,LG,Visual,20,-64,0,SFG,CON,20,-8,64,0.69
720,LG,Visual,20,-64,0,MTG,DMN,-40,-76,24,0.78
721,LG,Visual,20,-64,0,mFG,DMN,4,68,-4,0.77
722,LG,Visual,20,-64,0,mFG,DMN,8,48,-16,0.68
723,LG,Visual,20,-64,0,MTG,DMN,44,-72,28,0.75
724,LG,Visual,20,-64,0,STG,DMN,44,16,-32,0.71
725,LG,Visual,20,-64,0,PrCu,DMN,4,-60,36,0.71
726,LG,Visual,20,-64,0,PostCing,DMN,-12,-56,16,0.73
727,LG,Visual,20,-64,0,SFG,DMN,-12,40,52,0.68
728,LG,Visual,20,-64,0,SFG,DMN,-16,28,52,0.68
729,LG,Visual,20,-64,0,PrCu,DAN,8,-60,60,0.78
730,LG,Visual,20,-64,0,FFG,DAN,-44,-60,-8,0.68
731,LG,Visual,20,-64,0,PreCent,FPN,-44,0,44,0.76
732,LG,Visual,20,-64,0,MFG,FPN,48,24,28,0.73
733,LG,Visual,20,-64,0,IFG,FPN,-48,12,24,0.68
734,LG,Visual,20,-64,0,IPL,FPN,-52,-48,44,0.69
735,LG,Visual,20,-64,0,SFG,FPN,-24,12,64,0.71
736,LG,Visual,20,-64,0,ITG,FPN,60,-52,-12,0.71
737,LG,Visual,20,-64,0,ACC,FPN,24,44,-16,0.68
738,LG,Visual,20,-64,0,MFG,FPN,32,56,-12,0.68
739,LG,Visual,20,-64,0,IPL,FPN,44,-52,48,0.7
740,LG,Visual,20,-64,0,PrCu,Salience,12,-40,52,0.78
741,LG,Visual,20,-64,0,CG,Salience,-12,24,24,0.68
742,LG,Visual,20,-64,0,PrCu,SSM,-8,-52,60,0.74
743,LG,Visual,20,-64,0,CG,SSM,-12,-16,40,0.71
744,LG,Visual,20,-64,0,ParaCent,SSM,0,-16,48,0.72
745,LG,Visual,20,-64,0,CG,SSM,8,0,44,0.71
746,LG,Visual,20,-64,0,mFG,SSM,-8,-20,64,0.72
747,LG,Visual,20,-64,0,ParaCent,SSM,-8,-32,72,0.74
748,LG,Visual,20,-64,0,ParaCent,SSM,12,-32,76,0.68
749,LG,Visual,20,-64,0,PreCent,SSM,28,-16,72,0.68
750,LG,Visual,20,-64,0,PostCent,SSM,-24,-32,72,0.7
751,LG,Visual,20,-64,0,Sub-Gyral,SSM,28,-40,60,0.67
752,MOG,Visual,-24,-92,20,mFG,CON,-4,4,52,0.77
753,MOG,Visual,-24,-92,20,SFG,CON,20,-8,64,0.77
754,MOG,Visual,-24,-92,20,CG,CON,-12,-4,44,0.73
755,MOG,Visual,-24,-92,20,MTG,DMN,-40,-76,24,0.75
756,MOG,Visual,-24,-92,20,mFG,DMN,4,68,-4,0.7
757,MOG,Visual,-24,-92,20,PrCu,DAN,20,-64,48,0.71
758,MOG,Visual,-24,-92,20,IPL,DAN,-32,-48,48,0.77
759,MOG,Visual,-24,-92,20,MFG,DAN,-32,0,56,0.69
760,MOG,Visual,-24,-92,20,MFG,DAN,28,-4,52,0.67
761,MOG,Visual,-24,-92,20,IFG,FPN,-48,12,24,0.73
762,MOG,Visual,-24,-92,20,PrCu,Salience,12,-40,52,0.78
763,MOG,Visual,-24,-92,20,Supramarginal,Salience,56,-44,36,0.71
764,MOG,Visual,-24,-92,20,MFG,Salience,32,32,28,0.73
765,MOG,Visual,-24,-92,20,PrCu,SSM,-8,-52,60,0.78
766,MOG,Visual,-24,-92,20,CG,SSM,-12,-16,40,0.75
767,MOG,Visual,-24,-92,20,ParaCent,SSM,0,-16,48,0.78
768,MOG,Visual,-24,-92,20,CG,SSM,8,0,44,0.76
769,MOG,Visual,-24,-92,20,mFG,SSM,-8,-20,64,0.77
770,MOG,Visual,-24,-92,20,ParaCent,SSM,-8,-32,72,0.69
771,MOG,Visual,-24,-92,20,ParaCent,SSM,12,-32,76,0.76
772,MOG,Visual,-24,-92,20,PostCent,SSM,-52,-24,44,0.75
773,MOG,Visual,-24,-92,20,PostCent,SSM,8,-44,72,0.76
774,MOG,Visual,-24,-92,20,PostCent,SSM,-40,-20,56,0.72
775,MOG,Visual,-24,-92,20,Sub-Gyral,SSM,28,-40,60,0.72
776,MOG,Visual,-24,-92,20,PostCent,SSM,52,-20,40,0.69
777,MOG,Visual,-24,-92,20,PostCent,SSM,-40,-28,68,0.73
778,MOG,Visual,-24,-92,20,ParaCent,SSM,20,-28,60,0.68
779,MOG,Visual,-24,-92,20,PreCent,SSM,44,-8,56,0.71
780,MOG,Visual,-24,-92,20,Sub-Gyral,SSM,-28,-44,60,0.71
781,MOG,Visual,-24,-92,20,mFG,SSM,12,-16,76,0.74
782,MOG,Visual,-24,-92,20,SPL,SSM,24,-44,68,0.7
783,MOG,Visual,-24,-92,20,IPL,SSM,-44,-32,48,0.7
784,MOG,Visual,-24,-92,20,Sub-Gyral,SSM,-20,-32,60,0.67
785,MOG,Visual,-24,-92,20,PreCent,SSM,-12,-16,76,0.73
786,MOG,Visual,-24,-92,20,STG,VAN,52,-28,-4,0.69
787,FFG,Visual,28,-60,-8,mFG,CON,-4,4,52,0.77
788,FFG,Visual,28,-60,-8,IPL,CON,56,-28,32,0.77
789,FFG,Visual,28,-60,-8,SFG,CON,20,-8,64,0.77
790,FFG,Visual,28,-60,-8,CG,CON,-12,-4,44,0.71
791,FFG,Visual,28,-60,-8,MTG,DMN,-40,-76,24,0.79
792,FFG,Visual,28,-60,-8,mFG,DMN,4,68,-4,0.78
793,FFG,Visual,28,-60,-8,STG,DMN,44,16,-32,0.69
794,FFG,Visual,28,-60,-8,CG,DMN,8,-48,32,0.68
795,FFG,Visual,28,-60,-8,PrCu,DAN,8,-60,60,0.79
796,FFG,Visual,28,-60,-8,PrCu,DAN,20,-64,48,0.69
797,FFG,Visual,28,-60,-8,PrCu,DAN,-28,-72,36,0.71
798,FFG,Visual,28,-60,-8,MFG,DAN,-32,0,56,0.7
799,FFG,Visual,28,-60,-8,MFG,DAN,28,-4,52,0.69
800,FFG,Visual,28,-60,-8,MFG,FPN,48,24,28,0.73
801,FFG,Visual,28,-60,-8,PreCent,FPN,48,8,32,0.7
802,FFG,Visual,28,-60,-8,PreCent,FPN,-40,4,32,0.69
803,FFG,Visual,28,-60,-8,PrCu,Salience,12,-40,52,0.78
804,FFG,Visual,28,-60,-8,Supramarginal,Salience,56,-44,36,0.78
805,FFG,Visual,28,-60,-8,MFG,Salience,44,0,48,0.72
806,FFG,Visual,28,-60,-8,PrCu,SSM,-8,-52,60,0.75
807,FFG,Visual,28,-60,-8,CG,SSM,-12,-16,40,0.73
808,FFG,Visual,28,-60,-8,ParaCent,SSM,0,-16,48,0.77
809,FFG,Visual,28,-60,-8,CG,SSM,8,0,44,0.69
810,FFG,Visual,28,-60,-8,mFG,SSM,-8,-20,64,0.69
811,FFG,Visual,28,-60,-8,ParaCent,SSM,-8,-32,72,0.75
812,FFG,Visual,28,-60,-8,PreCent,SSM,28,-16,72,0.7
813,FFG,Visual,28,-60,-8,PostCent,SSM,-24,-32,72,0.73
814,FFG,Visual,28,-60,-8,Sub-Gyral,SSM,28,-40,60,0.7
815,FFG,Visual,28,-60,-8,PostCent,SSM,52,-20,40,0.74
816,FFG,Visual,28,-60,-8,ParaCent,SSM,20,-28,60,0.73
817,FFG,Visual,28,-60,-8,PreCent,SSM,44,-8,56,0.67
818,FFG,Visual,28,-60,-8,mFG,SSM,12,-16,76,0.68
819,Declive,Visual,-16,-72,-8,STG,Auditory,-60,-24,12,0.71
820,Declive,Visual,-16,-72,-8,mFG,CON,-4,4,52,0.73
821,Declive,Visual,-16,-72,-8,IPL,CON,56,-28,32,0.73
822,Declive,Visual,-16,-72,-8,SFG,CON,20,-8,64,0.71
823,Declive,Visual,-16,-72,-8,MTG,DMN,-40,-76,24,0.74
824,Declive,Visual,-16,-72,-8,mFG,DMN,4,68,-4,0.76
825,Declive,Visual,-16,-72,-8,MTG,DMN,44,-72,28,0.74
826,Declive,Visual,-16,-72,-8,STG,DMN,-44,12,-36,0.7
827,Declive,Visual,-16,-72,-8,STG,DMN,44,16,-32,0.73
828,Declive,Visual,-16,-72,-8,PrCu,DMN,4,-60,36,0.71
829,Declive,Visual,-16,-72,-8,PostCing,DMN,-12,-56,16,0.7
830,Declive,Visual,-16,-72,-8,PostCing,DMN,-4,-48,12,0.69
831,Declive,Visual,-16,-72,-8,SFG,DMN,-16,28,52,0.68
832,Declive,Visual,-16,-72,-8,PrCu,DAN,8,-60,60,0.73
833,Declive,Visual,-16,-72,-8,MTG,DAN,-52,-64,4,0.67
834,Declive,Visual,-16,-72,-8,FFG,DAN,-44,-60,-8,0.67
835,Declive,Visual,-16,-72,-8,PreCent,FPN,-44,0,44,0.73
836,Declive,Visual,-16,-72,-8,MFG,FPN,48,24,28,0.73
837,Declive,Visual,-16,-72,-8,IPL,FPN,-52,-48,44,0.68
838,Declive,Visual,-16,-72,-8,SFG,FPN,-24,12,64,0.68
839,Declive,Visual,-16,-72,-8,ACC,FPN,24,44,-16,0.69
840,Declive,Visual,-16,-72,-8,MFG,FPN,32,56,-12,0.69
841,Declive,Visual,-16,-72,-8,MFG,FPN,-44,40,20,0.68
842,Declive,Visual,-16,-72,-8,PrCu,Salience,12,-40,52,0.71
843,Declive,Visual,-16,-72,-8,Supramarginal,Salience,56,-44,36,0.73
844,Declive,Visual,-16,-72,-8,MFG,Salience,44,0,48,0.72
845,Declive,Visual,-16,-72,-8,IFG,Salience,48,24,8,0.68
846,Declive,Visual,-16,-72,-8,IFG,Salience,36,32,-4,0.67
847,Declive,Visual,-16,-72,-8,PrCu,SSM,-8,-52,60,0.71
848,Declive,Visual,-16,-72,-8,CG,SSM,-12,-16,40,0.68
849,Declive,Visual,-16,-72,-8,ParaCent,SSM,-8,-32,72,0.69
850,Declive,Visual,-16,-72,-8,ParaCent,SSM,20,-28,60,0.68
851,LG,Visual,-16,-68,4,STG,Auditory,-60,-24,12,0.7
852,LG,Visual,-16,-68,4,mFG,CON,-4,4,52,0.69
853,LG,Visual,-16,-68,4,IPL,CON,56,-28,32,0.72
854,LG,Visual,-16,-68,4,SFG,CON,20,-8,64,0.7
855,LG,Visual,-16,-68,4,CG,CON,-12,-4,44,0.75
856,LG,Visual,-16,-68,4,MTG,DMN,-40,-76,24,0.79
857,LG,Visual,-16,-68,4,mFG,DMN,4,68,-4,0.83
858,LG,Visual,-16,-68,4,MTG,DMN,44,-72,28,0.73
859,LG,Visual,-16,-68,4,STG,DMN,44,16,-32,0.7
860,LG,Visual,-16,-68,4,PrCu,DMN,4,-60,36,0.68
861,LG,Visual,-16,-68,4,PostCing,DMN,-12,-56,16,0.68
862,LG,Visual,-16,-68,4,PrCu,DAN,8,-60,60,0.79
863,LG,Visual,-16,-68,4,PreCent,FPN,-44,0,44,0.71
864,LG,Visual,-16,-68,4,MFG,FPN,48,24,28,0.76
865,LG,Visual,-16,-68,4,IFG,FPN,-48,12,24,0.7
866,LG,Visual,-16,-68,4,IPL,FPN,-52,-48,44,0.69
867,LG,Visual,-16,-68,4,MFG,FPN,32,56,-12,0.71
868,LG,Visual,-16,-68,4,MFG,FPN,-44,40,20,0.67
869,LG,Visual,-16,-68,4,MFG,FPN,40,44,16,0.7
870,LG,Visual,-16,-68,4,IPL,FPN,48,-44,44,0.69
871,LG,Visual,-16,-68,4,MFG,FPN,32,16,56,0.68
872,LG,Visual,-16,-68,4,PrCu,Salience,12,-40,52,0.82
873,LG,Visual,-16,-68,4,PrCu,SSM,-8,-52,60,0.77
874,LG,Visual,-16,-68,4,CG,SSM,-12,-16,40,0.79
875,LG,Visual,-16,-68,4,ParaCent,SSM,0,-16,48,0.74
876,LG,Visual,-16,-68,4,mFG,SSM,-8,-20,64,0.72
877,LG,Visual,-16,-68,4,ParaCent,SSM,-8,-32,72,0.74
878,LG,Visual,-16,-68,4,PreCent,SSM,28,-16,72,0.72
879,LG,Visual,-16,-68,4,PostCent,SSM,-24,-32,72,0.75
880,LG,Visual,-16,-68,4,PostCent,SSM,-40,-20,56,0.68
881,LG,Visual,-16,-68,4,PostCent,SSM,52,-20,40,0.68
882,FFG,Visual,44,-80,-12,mFG,CON,-4,4,52,0.69
883,FFG,Visual,44,-80,-12,IPL,CON,56,-28,32,0.74
884,FFG,Visual,44,-80,-12,SFG,CON,20,-8,64,0.69
885,FFG,Visual,44,-80,-12,MTG,DMN,-40,-76,24,0.79
886,FFG,Visual,44,-80,-12,mFG,DMN,4,68,-4,0.78
887,FFG,Visual,44,-80,-12,MTG,DMN,44,-72,28,0.71
888,FFG,Visual,44,-80,-12,STG,DMN,44,16,-32,0.7
889,FFG,Visual,44,-80,-12,PrCu,DAN,8,-60,60,0.78
890,FFG,Visual,44,-80,-12,PrCu,DAN,20,-64,48,0.69
891,FFG,Visual,44,-80,-12,PrCu,DAN,-28,-72,36,0.68
892,FFG,Visual,44,-80,-12,MFG,DAN,-32,0,56,0.67
893,FFG,Visual,44,-80,-12,PreCent,FPN,-44,0,44,0.75
894,FFG,Visual,44,-80,-12,MFG,FPN,48,24,28,0.76
895,FFG,Visual,44,-80,-12,IPL,FPN,-52,-48,44,0.71
896,FFG,Visual,44,-80,-12,SFG,FPN,-24,12,64,0.73
897,FFG,Visual,44,-80,-12,ITG,FPN,60,-52,-12,0.7
898,FFG,Visual,44,-80,-12,ACC,FPN,24,44,-16,0.71
899,FFG,Visual,44,-80,-12,MFG,FPN,32,56,-12,0.72
900,FFG,Visual,44,-80,-12,PreCent,FPN,-40,4,32,0.68
901,FFG,Visual,44,-80,-12,MFG,FPN,-44,40,20,0.69
902,FFG,Visual,44,-80,-12,PrCu,Salience,12,-40,52,0.74
903,FFG,Visual,44,-80,-12,Supramarginal,Salience,56,-44,36,0.74
904,FFG,Visual,44,-80,-12,MFG,Salience,44,0,48,0.7
905,FFG,Visual,44,-80,-12,IFG,Salience,36,32,-4,0.69
906,FFG,Visual,44,-80,-12,PrCu,SSM,-8,-52,60,0.7
907,FFG,Visual,44,-80,-12,ParaCent,SSM,-8,-32,72,0.71
908,FFG,Visual,44,-80,-12,PostCent,SSM,-24,-32,72,0.7
909,FFG,Visual,44,-80,-12,ParaCent,SSM,20,-28,60,0.69
910,FFG,Visual,-48,-76,-8,mFG,CON,-4,4,52,0.75
911,FFG,Visual,-48,-76,-8,IPL,CON,56,-28,32,0.74
912,FFG,Visual,-48,-76,-8,SFG,CON,20,-8,64,0.74
913,FFG,Visual,-48,-76,-8,CG,CON,-12,-4,44,0.72
914,FFG,Visual,-48,-76,-8,MTG,DMN,-40,-76,24,0.79
915,FFG,Visual,-48,-76,-8,mFG,DMN,4,68,-4,0.79
916,FFG,Visual,-48,-76,-8,STG,DMN,44,16,-32,0.71
917,FFG,Visual,-48,-76,-8,PrCu,DAN,8,-60,60,0.8
918,FFG,Visual,-48,-76,-8,PrCu,DAN,20,-64,48,0.7
919,FFG,Visual,-48,-76,-8,PrCu,DAN,-28,-72,36,0.68
920,FFG,Visual,-48,-76,-8,MFG,DAN,-32,0,56,0.68
921,FFG,Visual,-48,-76,-8,PreCent,FPN,-44,0,44,0.68
922,FFG,Visual,-48,-76,-8,MFG,FPN,48,24,28,0.74
923,FFG,Visual,-48,-76,-8,PreCent,FPN,48,8,32,0.68
924,FFG,Visual,-48,-76,-8,PrCu,Salience,12,-40,52,0.76
925,FFG,Visual,-48,-76,-8,Supramarginal,Salience,56,-44,36,0.75
926,FFG,Visual,-48,-76,-8,MFG,Salience,44,0,48,0.71
927,FFG,Visual,-48,-76,-8,PrCu,SSM,-8,-52,60,0.73
928,FFG,Visual,-48,-76,-8,CG,SSM,-12,-16,40,0.76
929,FFG,Visual,-48,-76,-8,ParaCent,SSM,0,-16,48,0.74
930,FFG,Visual,-48,-76,-8,ParaCent,SSM,-8,-32,72,0.76
931,FFG,Visual,-48,-76,-8,PreCent,SSM,28,-16,72,0.73
932,FFG,Visual,-48,-76,-8,PostCent,SSM,-24,-32,72,0.73
933,FFG,Visual,-48,-76,-8,Sub-Gyral,SSM,28,-40,60,0.7
934,FFG,Visual,-48,-76,-8,PostCent,SSM,52,-20,40,0.72
935,FFG,Visual,-48,-76,-8,ParaCent,SSM,20,-28,60,0.69
936,Cu,Visual,-16,-92,32,mFG,CON,-4,4,52,0.71
937,Cu,Visual,-16,-92,32,IPL,CON,56,-28,32,0.72
938,Cu,Visual,-16,-92,32,SFG,CON,20,-8,64,0.7
939,Cu,Visual,-16,-92,32,MTG,DMN,-40,-76,24,0.78
940,Cu,Visual,-16,-92,32,mFG,DMN,4,68,-4,0.76
941,Cu,Visual,-16,-92,32,MTG,DMN,44,-72,28,0.68
942,Cu,Visual,-16,-92,32,STG,DMN,44,16,-32,0.73
943,Cu,Visual,-16,-92,32,PrCu,DAN,8,-60,60,0.72
944,Cu,Visual,-16,-92,32,PrCu,DAN,20,-64,48,0.69
945,Cu,Visual,-16,-92,32,IPL,DAN,-32,-48,48,0.68
946,Cu,Visual,-16,-92,32,PrCu,DAN,-28,-72,36,0.71
947,Cu,Visual,-16,-92,32,PreCent,FPN,-44,0,44,0.68
948,Cu,Visual,-16,-92,32,IFG,FPN,-48,12,24,0.7
949,Cu,Visual,-16,-92,32,SFG,FPN,-24,12,64,0.69
950,Cu,Visual,-16,-92,32,ITG,FPN,60,-52,-12,0.71
951,Cu,Visual,-16,-92,32,PrCu,Salience,12,-40,52,0.78
952,Cu,Visual,-16,-92,32,Supramarginal,Salience,56,-44,36,0.71
953,Cu,Visual,-16,-92,32,MFG,Salience,32,32,28,0.71
954,Cu,Visual,-16,-92,32,PrCu,SSM,-8,-52,60,0.71
955,Cu,Visual,-16,-92,32,CG,SSM,-12,-16,40,0.72
956,Cu,Visual,-16,-92,32,ParaCent,SSM,0,-16,48,0.71
957,Cu,Visual,-16,-92,32,CG,SSM,8,0,44,0.69
958,Cu,Visual,-16,-92,32,mFG,SSM,-8,-20,64,0.72
959,Cu,Visual,-16,-92,32,ParaCent,SSM,12,-32,76,0.68
960,Cu,Visual,-16,-92,32,Sub-Gyral,SSM,-20,-32,60,0.68
961,Cu,Visual,16,-88,36,mFG,CON,-4,4,52,0.67
962,Cu,Visual,16,-88,36,IPL,CON,56,-28,32,0.73
963,Cu,Visual,16,-88,36,MTG,DMN,-40,-76,24,0.75
964,Cu,Visual,16,-88,36,mFG,DMN,4,68,-4,0.75
965,Cu,Visual,16,-88,36,MTG,DMN,44,-72,28,0.7
966,Cu,Visual,16,-88,36,STG,DMN,44,16,-32,0.71
967,Cu,Visual,16,-88,36,SFG,DMN,-12,40,52,0.68
968,Cu,Visual,16,-88,36,PrCu,DAN,8,-60,60,0.72
969,Cu,Visual,16,-88,36,PreCent,FPN,-44,0,44,0.75
970,Cu,Visual,16,-88,36,MFG,FPN,48,24,28,0.71
971,Cu,Visual,16,-88,36,IFG,FPN,-48,12,24,0.68
972,Cu,Visual,16,-88,36,IPL,FPN,-52,-48,44,0.71
973,Cu,Visual,16,-88,36,SFG,FPN,-24,12,64,0.72
974,Cu,Visual,16,-88,36,ITG,FPN,60,-52,-12,0.71
975,Cu,Visual,16,-88,36,ACC,FPN,24,44,-16,0.71
976,Cu,Visual,16,-88,36,MFG,FPN,32,56,-12,0.7
977,Cu,Visual,16,-88,36,PrCu,Salience,12,-40,52,0.72
978,Cu,Visual,16,-88,36,Supramarginal,Salience,56,-44,36,0.72
979,Cu,Visual,16,-88,36,MFG,Salience,44,0,48,0.71
980,Cu,Visual,16,-88,36,IFG,Salience,36,32,-4,0.71
981,Cu,Visual,16,-88,36,mFG,Salience,0,16,44,0.68
982,Cu,Visual,16,-88,36,PrCu,SSM,-8,-52,60,0.68
983,PrCu,Visual,28,-76,24,mFG,CON,-4,4,52,0.71
984,PrCu,Visual,28,-76,24,IPL,CON,56,-28,32,0.72
985,PrCu,Visual,28,-76,24,SFG,CON,20,-8,64,0.7
986,PrCu,Visual,28,-76,24,CG,CON,-12,-4,44,0.69
987,PrCu,Visual,28,-76,24,MTG,DMN,-40,-76,24,0.76
988,PrCu,Visual,28,-76,24,mFG,DMN,4,68,-4,0.76
989,PrCu,Visual,28,-76,24,STG,DMN,44,16,-32,0.7
990,PrCu,Visual,28,-76,24,PrCu,DAN,8,-60,60,0.75
991,PrCu,Visual,28,-76,24,MFG,FPN,48,24,28,0.73
992,PrCu,Visual,28,-76,24,MFG,FPN,32,56,-12,0.68
993,PrCu,Visual,28,-76,24,MFG,FPN,-44,40,20,0.67
994,PrCu,Visual,28,-76,24,PrCu,Salience,12,-40,52,0.71
995,PrCu,Visual,28,-76,24,Supramarginal,Salience,56,-44,36,0.72
996,PrCu,Visual,28,-76,24,MFG,Salience,44,0,48,0.7
997,PrCu,Visual,28,-76,24,PrCu,SSM,-8,-52,60,0.71
998,PrCu,Visual,28,-76,24,CG,SSM,-12,-16,40,0.72
999,PrCu,Visual,28,-76,24,ParaCent,SSM,0,-16,48,0.71
1000,PrCu,Visual,28,-76,24,ParaCent,SSM,-8,-32,72,0.72
1001,PrCu,Visual,28,-76,24,PreCent,SSM,28,-16,72,0.68
1002,PrCu,Visual,28,-76,24,PostCent,SSM,-24,-32,72,0.71
1003,PrCu,Visual,28,-76,24,PostCent,SSM,52,-20,40,0.68
1004,LG,Visual,20,-84,-4,mFG,CON,-4,4,52,0.71
1005,LG,Visual,20,-84,-4,IPL,CON,56,-28,32,0.72
1006,LG,Visual,20,-84,-4,SFG,CON,20,-8,64,0.69
1007,LG,Visual,20,-84,-4,MTG,DMN,-40,-76,24,0.75
1008,LG,Visual,20,-84,-4,mFG,DMN,4,68,-4,0.73
1009,LG,Visual,20,-84,-4,MTG,DMN,44,-72,28,0.67
1010,LG,Visual,20,-84,-4,STG,DMN,44,16,-32,0.69
1011,LG,Visual,20,-84,-4,STG,DMN,52,-60,36,0.67
1012,LG,Visual,20,-84,-4,PrCu,DAN,8,-60,60,0.71
1013,LG,Visual,20,-84,-4,PrCu,DAN,20,-64,48,0.68
1014,LG,Visual,20,-84,-4,PreCent,FPN,-44,0,44,0.7
1015,LG,Visual,20,-84,-4,MFG,FPN,48,24,28,0.67
1016,LG,Visual,20,-84,-4,IPL,FPN,-52,-48,44,0.68
1017,LG,Visual,20,-84,-4,SFG,FPN,-24,12,64,0.68
1018,LG,Visual,20,-84,-4,ITG,FPN,60,-52,-12,0.68
1019,LG,Visual,20,-84,-4,PrCu,Salience,12,-40,52,0.75
1020,LG,Visual,20,-84,-4,Supramarginal,Salience,56,-44,36,0.71
1021,LG,Visual,20,-84,-4,MFG,Salience,44,0,48,0.68
1022,LG,Visual,20,-84,-4,PrCu,SSM,-8,-52,60,0.72
1023,Cu,Visual,16,-76,32,mFG,CON,-4,4,52,0.72
1024,Cu,Visual,16,-76,32,IPL,CON,56,-28,32,0.69
1025,Cu,Visual,16,-76,32,SFG,CON,20,-8,64,0.7
1026,Cu,Visual,16,-76,32,MTG,DMN,-40,-76,24,0.75
1027,Cu,Visual,16,-76,32,mFG,DMN,4,68,-4,0.76
1028,Cu,Visual,16,-76,32,MTG,DMN,44,-72,28,0.72
1029,Cu,Visual,16,-76,32,STG,DMN,44,16,-32,0.7
1030,Cu,Visual,16,-76,32,PrCu,DAN,8,-60,60,0.72
1031,Cu,Visual,16,-76,32,MFG,FPN,48,24,28,0.69
1032,Cu,Visual,16,-76,32,IPL,FPN,-52,-48,44,0.67
1033,Cu,Visual,16,-76,32,SFG,FPN,-24,12,64,0.7
1034,Cu,Visual,16,-76,32,MFG,FPN,32,56,-12,0.7
1035,Cu,Visual,16,-76,32,MFG,FPN,-44,40,20,0.7
1036,Cu,Visual,16,-76,32,PrCu,Salience,12,-40,52,0.68
1037,Cu,Visual,16,-76,32,Supramarginal,Salience,56,-44,36,0.7
1038,Cu,Visual,16,-76,32,MFG,Salience,44,0,48,0.67
1039,Cu,Visual,16,-76,32,PrCu,SSM,-8,-52,60,0.69
1040,Cu,Visual,16,-76,32,ParaCent,SSM,-8,-32,72,0.67
1041,LG,Visual,-16,-52,0,mFG,CON,-4,4,52,0.72
1042,LG,Visual,-16,-52,0,IPL,CON,56,-28,32,0.71
1043,LG,Visual,-16,-52,0,SFG,CON,20,-8,64,0.7
1044,LG,Visual,-16,-52,0,CG,CON,-12,-4,44,0.68
1045,LG,Visual,-16,-52,0,MTG,DMN,-40,-76,24,0.76
1046,LG,Visual,-16,-52,0,mFG,DMN,4,68,-4,0.73
1047,LG,Visual,-16,-52,0,PrCu,DAN,8,-60,60,0.68
1048,LG,Visual,-16,-52,0,PrCu,DAN,-28,-72,36,0.68
1049,LG,Visual,-16,-52,0,PrCu,Salience,12,-40,52,0.78
1050,LG,Visual,-16,-52,0,Supramarginal,Salience,56,-44,36,0.7
1051,LG,Visual,-16,-52,0,MFG,Salience,32,32,28,0.68
1052,LG,Visual,-16,-52,0,PrCu,SSM,-8,-52,60,0.74
1053,LG,Visual,-16,-52,0,CG,SSM,-12,-16,40,0.72
1054,LG,Visual,-16,-52,0,ParaCent,SSM,0,-16,48,0.74
1055,LG,Visual,-16,-52,0,mFG,SSM,-8,-20,64,0.71
1056,LG,Visual,-16,-52,0,ParaCent,SSM,-8,-32,72,0.67
1057,LG,Visual,-16,-52,0,ParaCent,SSM,12,-32,76,0.67
1058,Declive,Visual,40,-64,-8,MTG,DMN,-40,-76,24,0.76
1059,Declive,Visual,40,-64,-8,mFG,DMN,4,68,-4,0.74
1060,Declive,Visual,40,-64,-8,MTG,DMN,44,-72,28,0.72
1061,Declive,Visual,40,-64,-8,STG,DMN,44,16,-32,0.68
1062,Declive,Visual,40,-64,-8,PostCing,DMN,-12,-56,16,0.7
1063,Declive,Visual,40,-64,-8,PrCu,DAN,8,-60,60,0.69
1064,Declive,Visual,40,-64,-8,PrCu,DAN,20,-64,48,0.69
1065,Declive,Visual,40,-64,-8,FFG,DAN,-44,-60,-8,0.67
1066,Declive,Visual,40,-64,-8,PreCent,FPN,-44,0,44,0.73
1067,Declive,Visual,40,-64,-8,IFG,FPN,-48,12,24,0.68
1068,Declive,Visual,40,-64,-8,IPL,FPN,-52,-48,44,0.67
1069,Declive,Visual,40,-64,-8,PrCu,Salience,12,-40,52,0.77
1070,Declive,Visual,40,-64,-8,PrCu,SSM,-8,-52,60,0.71
1071,Declive,Visual,40,-64,-8,CG,SSM,-12,-16,40,0.69
1072,Declive,Visual,40,-64,-8,ParaCent,SSM,0,-16,48,0.71
1073,Declive,Visual,40,-64,-8,mFG,SSM,-8,-20,64,0.69
1074,Declive,Visual,40,-64,-8,PostCent,SSM,-40,-20,56,0.69
1075,Cu,Visual,24,-88,24,mFG,CON,-4,4,52,0.67
1076,Cu,Visual,24,-88,24,IPL,CON,56,-28,32,0.69
1077,Cu,Visual,24,-88,24,SFG,CON,20,-8,64,0.68
1078,Cu,Visual,24,-88,24,MTG,DMN,-40,-76,24,0.75
1079,Cu,Visual,24,-88,24,mFG,DMN,4,68,-4,0.76
1080,Cu,Visual,24,-88,24,MTG,DMN,44,-72,28,0.7
1081,Cu,Visual,24,-88,24,STG,DMN,44,16,-32,0.72
1082,Cu,Visual,24,-88,24,PrCu,DAN,8,-60,60,0.75
1083,Cu,Visual,24,-88,24,MFG,FPN,48,24,28,0.72
1084,Cu,Visual,24,-88,24,MFG,FPN,32,56,-12,0.69
1085,Cu,Visual,24,-88,24,MFG,FPN,-44,40,20,0.7
1086,Cu,Visual,24,-88,24,PrCu,Salience,12,-40,52,0.68
1087,Cu,Visual,24,-88,24,Supramarginal,Salience,56,-44,36,0.7
1088,Cu,Visual,24,-88,24,PrCu,SSM,-8,-52,60,0.68
1089,Cu,Visual,24,-88,24,CG,SSM,-12,-16,40,0.68
1090,Cu,Visual,24,-88,24,ParaCent,SSM,-8,-32,72,0.68
1091,Cu,Visual,4,-72,24,mFG,CON,-4,4,52,0.68
1092,Cu,Visual,4,-72,24,IPL,CON,56,-28,32,0.69
1093,Cu,Visual,4,-72,24,MTG,DMN,-40,-76,24,0.76
1094,Cu,Visual,4,-72,24,mFG,DMN,4,68,-4,0.75
1095,Cu,Visual,4,-72,24,MTG,DMN,44,-72,28,0.72
1096,Cu,Visual,4,-72,24,STG,DMN,44,16,-32,0.71
1097,Cu,Visual,4,-72,24,PostCing,DMN,-12,-56,16,0.69
1098,Cu,Visual,4,-72,24,PrCu,DAN,8,-60,60,0.7
1099,Cu,Visual,4,-72,24,PrCu,DAN,-28,-72,36,0.68
1100,Cu,Visual,4,-72,24,PreCent,FPN,-44,0,44,0.71
1101,Cu,Visual,4,-72,24,IPL,FPN,-52,-48,44,0.68
1102,Cu,Visual,4,-72,24,SFG,FPN,-24,12,64,0.69
1103,Cu,Visual,4,-72,24,ITG,FPN,60,-52,-12,0.7
1104,Cu,Visual,4,-72,24,PrCu,Salience,12,-40,52,0.71
1105,Cu,Visual,4,-72,24,Supramarginal,Salience,56,-44,36,0.68
1106,Cu,Visual,4,-72,24,PrCu,SSM,-8,-52,60,0.69
1107,ITG,Visual,-44,-72,0,mFG,CON,-4,4,52,0.68
1108,ITG,Visual,-44,-72,0,IPL,CON,56,-28,32,0.7
1109,ITG,Visual,-44,-72,0,MTG,DMN,-40,-76,24,0.76
1110,ITG,Visual,-44,-72,0,mFG,DMN,4,68,-4,0.76
1111,ITG,Visual,-44,-72,0,MTG,DMN,44,-72,28,0.72
1112,ITG,Visual,-44,-72,0,STG,DMN,44,16,-32,0.7
1113,ITG,Visual,-44,-72,0,PrCu,DMN,4,-60,36,0.7
1114,ITG,Visual,-44,-72,0,PrCu,DAN,8,-60,60,0.71
1115,ITG,Visual,-44,-72,0,PreCent,FPN,-44,0,44,0.67
1116,ITG,Visual,-44,-72,0,MFG,FPN,48,24,28,0.69
1117,ITG,Visual,-44,-72,0,PrCu,Salience,12,-40,52,0.69
1118,ITG,Visual,-44,-72,0,Supramarginal,Salience,56,-44,36,0.7
1119,ITG,Visual,-44,-72,0,MFG,Salience,44,0,48,0.68
1120,ITG,Visual,-44,-72,0,PrCu,SSM,-8,-52,60,0.68
1121,ITG,Visual,-44,-72,0,ParaCent,SSM,-8,-32,72,0.68
1122,Declive,Visual,24,-80,-16,mFG,CON,-4,4,52,0.68
1123,Declive,Visual,24,-80,-16,IPL,CON,56,-28,32,0.69
1124,Declive,Visual,24,-80,-16,SFG,CON,20,-8,64,0.68
1125,Declive,Visual,24,-80,-16,MTG,DMN,-40,-76,24,0.73
1126,Declive,Visual,24,-80,-16,mFG,DMN,4,68,-4,0.72
1127,Declive,Visual,24,-80,-16,PrCu,DAN,8,-60,60,0.72
1128,Declive,Visual,24,-80,-16,PrCu,Salience,12,-40,52,0.72
1129,Declive,Visual,24,-80,-16,Supramarginal,Salience,56,-44,36,0.67
1130,Declive,Visual,24,-80,-16,PrCu,SSM,-8,-52,60,0.68
1131,Declive,Visual,24,-80,-16,CG,SSM,-12,-16,40,0.69
1132,Declive,Visual,24,-80,-16,ParaCent,SSM,0,-16,48,0.72
1133,Declive,Visual,24,-80,-16,ParaCent,SSM,-8,-32,72,0.7
1134,Cu,Visual,-16,-76,32,MTG,DMN,-40,-76,24,0.73
1135,Cu,Visual,-16,-76,32,mFG,DMN,4,68,-4,0.75
1136,Cu,Visual,-16,-76,32,MTG,DMN,-68,-24,-16,0.68
1137,Cu,Visual,-16,-76,32,PrCu,DMN,4,-60,36,0.68
1138,Cu,Visual,-16,-76,32,PrCu,DAN,8,-60,60,0.75
1139,Cu,Visual,-16,-76,32,MFG,FPN,48,24,28,0.69
1140,Cu,Visual,-16,-76,32,PrCu,Salience,12,-40,52,0.75
1141,Cu,Visual,-16,-76,32,CG,SSM,-12,-16,40,0.7
1142,Cu,Visual,-16,-76,32,PreCent,SSM,28,-16,72,0.68
1143,Cu,Visual,-4,-80,20,STG,Auditory,-60,-24,12,0.68
1144,Cu,Visual,-4,-80,20,MTG,DMN,-40,-76,24,0.72
1145,Cu,Visual,-4,-80,20,mFG,DMN,4,68,-4,0.73
1146,Cu,Visual,-4,-80,20,MTG,DMN,44,-72,28,0.71
1147,Cu,Visual,-4,-80,20,PrCu,DAN,8,-60,60,0.74
1148,Cu,Visual,-4,-80,20,MFG,FPN,48,24,28,0.7
1149,Cu,Visual,-4,-80,20,PrCu,Salience,12,-40,52,0.71
1150,Cu,Visual,-4,-80,20,CG,SSM,-12,-16,40,0.68
1151,IOG,Visual,-40,-88,-8,MTG,DMN,-40,-76,24,0.69
1152,IOG,Visual,-40,-88,-8,MTG,DMN,44,-72,28,0.69
1153,IOG,Visual,-40,-88,-8,PrCu,DMN,4,-60,36,0.69
1154,IOG,Visual,-40,-88,-8,PostCing,DMN,-12,-56,16,0.69
1155,IOG,Visual,-40,-88,-8,PreCent,FPN,-44,0,44,0.69
1156,MOG,Visual,36,-84,12,MTG,DMN,-40,-76,24,0.7
1157,MOG,Visual,36,-84,12,mFG,DMN,4,68,-4,0.69
1158,MOG,Visual,36,-84,12,MTG,DMN,44,-72,28,0.68
1159,MOG,Visual,36,-84,12,STG,DMN,44,16,-32,0.69
1160,MOG,Visual,36,-84,12,PrCu,DAN,8,-60,60,0.68
1161,LG,Visual,8,-80,8,MTG,DMN,-40,-76,24,0.71
1162,LG,Visual,8,-80,8,mFG,DMN,4,68,-4,0.68
1163,LG,Visual,8,-80,8,PrCu,Salience,12,-40,52,0.72
1164,MOG,Visual,-28,-92,4,mFG,DMN,-16,64,-8,0.68
1165,MOG,Visual,-28,-92,4,PostCing,DMN,-8,-56,28,0.68